Customer ID,Age,Gender,Annual Income,Spending Score,Age Group
30661d57-eeb5-4886-970a-9c7d0f260ad8,27,Female,164,37,young
65348b4f-9170-4edc-b035-cc484416face,19,Female,192,57,young
ea4a4765-11a6-433e-8016-110bc0bc5ed5,21,Female,118,43,young
a6fac89e-e7a4-482d-9bb6-d32cd2abc346,26,Female,81,29,young
8e6a7fa3-bf7d-47dd-9e50-e3e7133fc39c,27,Female,199,25,young
04c9da15-a924-4beb-bcb3-3f2e3f6fcee5,25,Female,198,29,young
4729da16-d88d-4476-949d-404f5f54adb3,19,Female,96,93,young
716588b1-f862-4c02-a2cf-115cd43f654c,21,Female,175,33,young
90b18bf2-2413-4212-8934-e67ffc233192,22,Female,106,74,young
5ddc5df7-2656-4cc8-a95e-a0618d7cb8e6,27,Female,40,77,young
3d95829f-3d62-4ee6-a67f-d6efe7029686,21,Female,116,55,young
6abe4dbc-1b70-4a8f-b0b1-7d1bff27fc65,23,Female,115,25,young
0947cfd7-72d1-456a-8524-947bf653fa57,18,Female,96,64,young
ee835638-95d5-4dd0-a912-227ec001ef06,24,Female,185,95,young
333c0b32-e155-4d2a-abc5-041ec4d25a9c,22,Female,138,20,young
61ebc7d9-15c5-41eb-adfb-9b772d36cbd4,19,Female,55,32,young
f9437183-0091-4f94-b9d5-5a97779b7e70,27,Female,41,50,young
69fae815-5e3e-46de-8e87-4adf49ab06fa,19,Female,166,44,young
587c0ede-8f38-48df-8df8-bcf74df93862,22,Female,100,51,young
29b970a5-f3b9-4adc-a32c-4e6c47292284,21,Female,43,48,young
746683ed-cdeb-427b-89ad-5c61f76e5b44,27,Female,125,17,young
67daafbe-c602-46ef-b49c-7d09fa737824,22,Female,129,92,young
1508894c-0fec-448d-b4fd-42995713fc5f,19,Female,130,21,young
5a70b81e-ce1c-4a1f-9261-189df19aad74,29,Female,119,34,young
5a1ea26f-eb79-45aa-9f7c-8de30082eae2,22,Female,144,41,young
ccf68e64-dd0a-42c8-af5a-b9c63279585c,21,Female,102,83,young
39edec99-c6c9-4b6c-bf07-9ea2aa10eddd,21,Female,91,56,young
65013305-e804-46ec-a7c7-e568dd71a6dd,23,Female,134,44,young
fab1d2ec-7db0-4d26-9f6c-a26659d20511,20,Female,41,30,young
f6eb2491-0ac4-4822-84b7-896349f6ca46,23,Female,107,22,young
e87795ae-1dc1-4eb6-b208-c55be553f799,24,Female,42,74,young
b50a462c-c086-4b39-b802-11530bff89d6,26,Female,22,59,young
ee1aab8e-8116-4158-8b20-df700e20fade,19,Female,162,9,young
4853da47-603c-4169-91c4-d68305ad6ca4,19,Female,122,46,young
2e72afee-b14d-40b1-a4f9-c2d642f17011,26,Female,155,83,young
49374728-9fb7-4f33-8cee-0cb83eb2c8f5,23,Female,175,85,young
34e84fbd-bc66-4a42-b41f-6698d3d8b095,19,Female,169,95,young
acd44010-74ef-4fbb-950e-bc92c59caed4,20,Female,184,40,young
6a28d182-4618-4412-a59e-7b68dee25833,25,Female,136,44,young
f330001b-caa9-4233-af3e-4f134f342bbe,29,Female,80,38,young
4968c704-bb0b-401a-a63b-a16f36aed604,26,Female,155,57,young
31ccf237-208e-4c1c-8733-c5cd379cb3db,22,Female,132,14,young
d5a441cf-dc26-485b-a638-9711e3a15436,23,Female,74,98,young
c95b7ca2-84fb-45b4-bee5-c300aa055d16,29,Female,98,38,young
df8e8372-4d90-40be-8ea5-7fb1f623d785,27,Female,131,99,young
a5faffb9-ca97-499c-a93d-36856214d075,26,Female,159,77,young
b3d859dd-f5a9-4853-bc94-5588fcdfa94a,22,Female,140,51,young
cb4927bb-614b-47ef-b8f1-51d6dc375d89,21,Female,146,85,young
b6122d1a-d442-40f1-98aa-21b562650f5f,21,Female,66,71,young
253ced9e-55d7-4fc3-98f0-22eca7a924f4,25,Female,143,45,young
9a2cbd51-5e86-4812-b9ab-b05e075755af,28,Female,71,59,young
f1965d4e-b109-46a1-bbbd-54478a0c96b6,18,Female,33,2,young
dbe6c63b-35ae-4e3d-b545-a53033c7825e,20,Female,46,88,young
3e862737-2a79-45b5-a2ca-7929b1655460,29,Female,86,9,young
4e4e1cdf-ad7e-48d9-8e29-a17281e21d36,26,Female,58,78,young
cd7f6ce2-25a1-4327-9687-bec0200efbad,20,Female,57,66,young
623b3901-db48-4ef9-a7a7-4bed97a763a2,23,Female,36,26,young
d77a575d-38a6-4f69-bce9-5d800907fea4,23,Female,84,17,young
ed581b9c-8870-475b-83ab-a89bf75c51ac,20,Female,188,13,young
dec2b6fc-9050-4821-a863-e5d4f645ddca,25,Female,127,83,young
4f8fc22c-8062-4a78-8ada-9dbe48d8f531,19,Female,106,47,young
dc20a8f4-3445-4cb5-a9a6-4535ff3e2827,21,Female,179,16,young
25f3eb8a-8909-4cdb-87c3-92a7b338461b,24,Female,131,92,young
319bb1c0-2a6f-465f-894b-1fe69db38b17,20,Female,72,32,young
db2cf5ce-8beb-4ee6-b3ae-bc00b94a6a66,27,Female,167,65,young
b1b6dac2-db00-47d5-a7db-f6eec4afa490,28,Female,31,4,young
b4c9b32c-dadc-4a4f-87e6-821dfd85bf3f,20,Female,168,19,young
561fed88-6c03-43f9-9919-f15fa3ca279d,26,Female,38,31,young
a2441000-51df-4d4e-a750-d38157e1412c,24,Female,159,79,young
a6dc9eba-6e1e-471a-b42a-ceadc72f080a,29,Female,35,26,young
bbe8a989-3074-4836-b7aa-34df7f6d61ab,28,Female,136,63,young
16c2458e-f9e4-42e4-8a3f-428cce54de0b,24,Female,52,31,young
1a79cb43-792d-4886-9aea-3b480deaabd6,28,Female,127,34,young
fc3e48b0-95ad-4aa2-ac89-25e3a7cb20d9,18,Female,88,82,young
31fca8f9-463c-4ad8-b2b0-a9cc0d2b1957,20,Female,148,90,young
351b2b94-5104-4771-b787-260a805dfa87,21,Female,83,96,young
74f0335a-cbd2-4937-9b96-204d03bc429e,21,Female,44,41,young
1c2e9319-d702-4391-b4fc-11faf9a37967,21,Female,142,59,young
ba90ceb4-cab2-451a-a13e-51c473c104b1,29,Female,192,88,young
f2913b6c-b7a9-453d-aed9-3b27464b1254,25,Female,200,37,young
6f6402df-1078-433d-9212-4027b8ef2b60,20,Female,61,16,young
70296d7c-1003-45f5-963e-a41cd483ebfe,22,Female,81,81,young
e163f18a-f1d2-4f24-b6c4-a7d7c4d9a78d,28,Female,89,64,young
964ae54b-3fbe-45a1-8250-cbe06ae14a9b,27,Female,178,46,young
4acb9ac6-2d12-49eb-b188-b186cd8e9a15,23,Female,191,89,young
5f688778-fc25-4bb9-bc5f-d4ca3e7e94fd,18,Female,170,50,young
b9806ee3-81bc-4a2c-90f3-ad7c957f53a3,18,Female,97,48,young
417f1400-72c8-4883-a04d-5f0b45bb14b4,29,Female,187,16,young
a9b17e09-c450-4e4c-b4bd-c18d74c41ba0,28,Female,21,20,young
6bab9428-2116-4888-a8e4-714bcc42144e,22,Female,92,49,young
fa8be8a2-f3a8-43ad-b9c0-122b57141660,29,Female,170,5,young
e334bf53-3b99-4f1b-be45-1aaa618ef8f5,26,Female,59,94,young
1a1928b5-2176-4271-b1c3-e9ad39520b96,22,Female,53,85,young
88be2d29-8bd3-4f00-b856-e889dfb342f2,20,Female,149,82,young
1500c10b-fb53-44dd-80f8-640e20282687,19,Female,175,66,young
78fa3ee8-0757-4459-b153-b5cd3801684c,28,Female,124,60,young
c0f0086a-efc1-4fc8-aaf9-90a1dc98e640,18,Female,145,33,young
403a207a-df69-4496-a840-a38f081d0d87,23,Female,92,38,young
44a4cb85-4a69-4324-9f95-2acc07ce1f29,24,Female,64,5,young
31dee36d-62fa-4522-8273-59ebdbc23a99,20,Female,124,27,young
396cee31-afcd-4fc4-bb24-86d0fa7d8739,27,Female,105,81,young
5f8ff7c6-e105-4b76-bb40-13f1cd72844b,27,Female,165,32,young
e998b5c6-ebdb-44bc-a565-7d2f6e62bb49,26,Female,45,9,young
2c7f8b8f-112a-46ff-b962-436a02679dd4,23,Female,185,68,young
9970e628-1cc4-431d-bcbc-455a254d8a39,20,Female,82,29,young
604e0abd-2e16-4cc9-b724-8f0b722f884b,29,Female,199,49,young
1da14839-f471-4e80-899f-c17d9160fb53,18,Female,169,70,young
02a306d0-73b5-4c2b-b5b9-2aaec5473dae,21,Female,21,37,young
944297db-60bd-4724-9a30-eb9dd9331e47,29,Female,28,61,young
587ea447-5f7d-43b1-b8d0-8542ba80d22a,26,Female,32,52,young
6d690709-a7a6-4474-865f-c3040bad3716,26,Female,111,91,young
295e6dd0-f8e2-4716-bd74-0100f9a16933,25,Female,24,67,young
c2597372-fd53-421e-8e68-5eb2c1e666f2,28,Female,75,53,young
356ed623-b725-4bc2-b9ee-9bb988b8059a,26,Female,190,89,young
b41e6617-42cf-4a3d-a5e2-75c202b3c97a,27,Female,89,87,young
bfa9b4c7-bba4-4a0e-b83a-6bb7acbfdce8,27,Female,60,38,young
7cdf80df-34be-4968-bc8f-1932ede1c803,24,Female,98,19,young
3a6c2979-7a9e-4f7a-9055-16ff2ed3567a,28,Female,106,28,young
1592cd08-e043-44ca-ae00-c26fdc8537bd,28,Female,182,13,young
b094f832-0dcb-4af0-99ec-175862b106eb,28,Female,71,33,young
17bb035a-7259-4160-b4be-45d4d40d2cbb,21,Female,117,22,young
293ac435-4a45-4f79-ad83-9c34aee55a24,20,Female,196,64,young
38f4b4a4-39fb-4a34-8b57-80dc1d3077a4,28,Female,159,40,young
b2b791d4-0460-4d6f-86d9-f742fe26e0ee,27,Female,72,66,young
a3d8b4d2-3b72-4b68-b44b-6bf4c1befe00,29,Female,90,4,young
c5f81291-0333-499a-8ede-1a52a3a36ca7,28,Female,90,94,young
784b05b6-acf2-4e25-9722-c5aab2e74a62,23,Female,171,19,young
06ef8d5b-1e53-464c-8021-3ab6ffd5c65b,29,Female,50,9,young
377d8f08-beb4-4f5a-b564-0b86084f1cc0,20,Female,51,7,young
f1f486af-64b3-4810-a77c-0747e32fd479,22,Female,144,100,young
579f2045-8792-4bb0-8013-b0a409d60f45,18,Female,22,55,young
f5bf45a8-09e5-4511-a899-866cca2ad151,19,Female,191,95,young
b9a956b7-5b16-4b61-b242-c2690d02a57d,29,Female,31,69,young
c2b0b7a2-e3d4-4c90-a6bf-a4c5bdd44200,26,Female,140,35,young
34450f3b-58e8-4ffe-9da8-ed1b80a12744,28,Female,68,4,young
124fc7c4-7813-4d0c-8772-4f7129fc6027,27,Female,108,45,young
d397ee21-71ad-42e1-ba83-c6d860eb6bda,29,Female,67,3,young
63eb6191-61a8-47a4-9d91-969571f905b3,28,Female,77,59,young
1ebf8f7b-6a70-4e3d-8dad-0b75e925c99b,28,Female,43,88,young
bf4bf769-4e9e-47db-b699-8d7210d94017,22,Female,193,73,young
8b5b2c6e-a8dc-4370-bb4f-d4300a377a61,19,Female,180,33,young
8c477b74-ce92-4ab7-85cd-0a6288947cb9,27,Female,190,92,young
bffd4fc9-6d28-49a3-963c-41f711babfa3,25,Female,122,95,young
fe9962e1-45bd-4743-b95b-34134e2c3a6c,22,Female,173,90,young
c63df72c-e37a-4115-b465-386cc7bff378,22,Female,49,84,young
9fe8b1e1-5ffa-4f82-8c06-5497f45cc339,24,Female,178,7,young
d36f4ee6-6674-4766-b327-3e82511a8cbf,25,Female,194,56,young
80f66953-cf2c-4b94-9764-d65f84a187c2,29,Female,191,73,young
c58992fa-f692-48da-adf7-d9078e9f0012,20,Female,160,10,young
b6cc4226-cf9c-4935-9896-1e0b8bbbfb85,22,Female,87,18,young
16bd9a3a-93c4-4b8b-8c53-5998f8ac7a33,29,Female,29,47,young
1ec94818-3059-4c33-82be-6ad890ce69c5,24,Female,108,20,young
2e68cf01-3abe-44d7-8a9f-6e8b340655d0,26,Female,119,57,young
8f81c7fb-9e98-45d8-a180-f52b4b172842,24,Female,98,82,young
46f6baca-5b38-482b-bcb4-f825f55af4c3,19,Female,135,69,young
5571460e-1501-4dca-9144-9ea16829d8ff,25,Female,67,28,young
b758b1a6-c9ee-462d-92b0-8a639c7de6ab,21,Female,38,11,young
d21f4039-06eb-4608-88a4-181b934b341b,23,Female,84,38,young
d00008e6-dcce-48ed-ae5c-2fb480370a67,20,Female,58,56,young
69b1f10b-0cf4-479c-a6b4-b09ffab3297d,29,Female,153,21,young
6be522b8-2a58-4b60-9172-9c9bc4875e50,29,Female,37,54,young
f9b02e2b-9c23-4168-9e57-66502d314f4a,27,Female,178,90,young
61e15ed1-079b-478a-ad2f-9af6d2687390,25,Female,31,51,young
b064b380-92d7-41a3-833f-a5522aee518d,26,Female,28,7,young
f7144320-75c7-4d3a-a03f-c4a05e7cd064,27,Female,163,64,young
97766415-c39e-4927-af9f-54fafae3dd5c,18,Female,75,95,young
88cd2439-c92a-4f60-9315-962bc0a4ec3e,19,Female,179,29,young
0d1fea91-7b6f-4900-aae0-c7920d443d85,23,Female,52,44,young
3ae05c20-e0dd-471b-9217-61ccd67bd53d,20,Female,37,16,young
b8cb0d5e-77c7-4262-b2e2-42297422d94c,27,Female,119,20,young
4ca1fcbb-177a-4efd-8da9-bf15b9bbd64a,24,Female,140,68,young
64162f8d-2283-4a6b-bb12-6d9c04374867,26,Female,193,5,young
52bef379-ca76-4d62-9718-e84f217e3623,23,Female,74,97,young
3451411a-76bd-439e-899b-d11fb007ff91,27,Female,111,76,young
bd561c63-caa5-4a01-a154-fece68049dad,25,Female,59,37,young
2d9edc67-6be6-4756-ace7-9ef6d30bc61b,20,Female,160,13,young
6c94038b-8b63-4ca9-9b61-efac9736de20,18,Female,31,28,young
9c0723ab-7b4a-43fb-a21e-2334a4d839b0,28,Female,135,46,young
5e330158-4f01-4aa1-9167-f34615d98c6d,18,Female,150,93,young
300d98bf-de0a-43d3-9a7a-2ad7d1e40f30,20,Female,70,34,young
f6e27e04-1d31-4ded-afc5-16c6cbd57ecd,28,Female,82,26,young
2ad9b4a8-b355-4e18-b78f-0c30747b0eb7,21,Female,178,85,young
40639d49-7b4d-4a97-ab2a-2ad9ca09d52b,22,Female,63,42,young
2b2e06fc-7e4d-4c58-aa6d-df688ecad20c,26,Female,90,94,young
21b2f700-60f0-4d27-b003-3bf25ad97a7e,29,Female,25,8,young
ea11aca2-0998-49cc-958e-5302b4e5475f,23,Female,37,11,young
539b8587-e549-4b42-9888-bc25832ecc2d,29,Female,51,97,young
7ce4303a-824b-4935-8dc4-0fe6ef3e4e18,26,Female,118,51,young
11feeda6-52b3-40a0-83ca-e2c5421a08c4,19,Female,50,70,young
d2182bb1-ab40-441f-affc-f460f504f003,22,Female,124,48,young
0447d657-1cef-4a8f-a997-8bf097e8ff63,26,Female,109,36,young
30115de9-2f8c-4b66-bacf-7cf8b05be3dc,25,Female,38,26,young
6580f19d-5f00-4bdd-943f-56499be685ca,25,Female,21,73,young
1612bc50-d236-4431-ac3d-28bb2117197a,21,Female,183,66,young
d85b4821-3543-4ae1-be4a-efe637f50c27,25,Female,44,45,young
cb3665fb-e26f-4396-b229-7176a7b57398,25,Female,117,27,young
a6e54b08-4678-4d23-b00f-6909c4e4e27e,20,Female,147,46,young
02598d54-9293-42a6-bdfa-1353d9906adc,22,Female,100,55,young
faf01947-bff4-44cd-ae0d-3805da6ab5a4,26,Female,117,48,young
2a5750c4-492f-4585-a79c-3f45f230162a,22,Female,166,67,young
92620daa-2655-47d4-96e1-3d1596de66f6,22,Female,125,7,young
e21e3ad2-c8f7-4d64-90e9-10018d63714a,21,Female,102,89,young
2c5d3d10-3d2a-4456-a0a5-e82ced51159f,29,Female,139,91,young
769181d2-f5ad-4a8a-a58d-375629907b62,27,Female,142,49,young
9d7b2c29-e7f6-4d4e-92f2-2e4621676fe7,24,Female,47,37,young
0ce2f0b3-6cc4-4a3b-aaa0-234a76101c09,25,Female,164,49,young
7c2583dc-72ea-4b4e-bd57-6209c7b47e6d,19,Female,33,76,young
f1a15234-c3f5-4bd5-94b4-a7dec161f9b3,18,Female,170,52,young
8d046368-c901-4f00-b91e-cd1ae8f8628c,26,Female,38,72,young
58d6d30e-eaee-4502-9990-0a339ad1792d,26,Female,126,17,young
47eb373a-cd2b-492f-86dd-326a39eef927,21,Female,63,95,young
49a32033-2b53-44da-aa57-c8b0d06693e8,29,Female,164,53,young
4a695848-b7b3-4cd3-b34a-4b939788c2a8,27,Female,52,13,young
2d6fc652-36f8-458b-b2a1-55df6a5ff392,19,Female,132,17,young
bbd8f2a9-38d6-4ba2-a27e-298ffec36f51,29,Female,99,7,young
06d2e0af-058f-4117-8a95-e85b7872080f,18,Female,124,98,young
e9f7bd3b-e1db-460d-885d-77e0f86bef7c,18,Female,38,57,young
3ccfa46d-ef84-4e43-921b-348a9ee8275e,26,Female,50,92,young
c6b9926c-54ee-4dc6-9b39-2399ba7e8df6,22,Female,173,48,young
19674f52-dff2-4621-8800-c33497dd8b9c,24,Female,177,29,young
036cb089-fa6b-4d14-a3b4-705fe37f0253,29,Female,70,54,young
85833d32-2ffc-4d41-b30c-d07856a225d7,22,Female,115,35,young
ec8b8947-d5d4-4155-b838-93020c60a5ba,20,Female,100,45,young
6045028a-677e-4e54-9857-624d09bca1fd,25,Female,88,58,young
23ffe1e7-b259-4df5-9314-3e1dc8b01a9d,22,Female,95,27,young
e0aeb55a-a9da-4233-a6ec-541cb9b25c8c,25,Female,157,37,young
6f64e440-99d7-4400-9bab-10195211ca0e,25,Female,69,49,young
754a5d07-7b55-4d3d-a281-7ca130b26d57,26,Female,61,42,young
fa3e7602-cba0-433d-961a-5880257fca09,29,Female,79,24,young
d74ef516-c160-43dc-a640-c74a5cf051d3,23,Female,148,54,young
0274c078-a183-4c1e-93bf-729f2c760736,18,Female,193,13,young
5a60e219-1480-4d07-8652-8f7457d75ec4,25,Female,43,56,young
3168cffe-9ebb-40aa-9c12-f5161016dcb3,29,Female,182,65,young
7f6a9a4d-161f-4dcd-ac92-1f2e66806d13,28,Female,93,18,young
1d3a78b9-de2f-4917-9e85-e007fa29ac63,19,Female,49,9,young
2db0ea48-0991-4566-b1e1-38cf25a57d26,27,Female,127,24,young
ecb83fff-b96d-44e5-a5af-73eba3bedef8,21,Female,90,12,young
2f143832-a04c-40df-be64-c23ff4e7302d,22,Female,72,35,young
3b1d6f87-8f29-4f11-a980-146c2eab2790,19,Female,148,93,young
3a3aafa1-e3f2-4cce-8908-257e1ebfb714,29,Female,25,25,young
0d6428d4-d35d-4077-91a0-ae23b7ab514d,22,Female,182,87,young
1c016954-4cd8-4edc-b03a-5c876e23793a,22,Female,111,61,young
1b7b5da8-702e-4925-88da-ad96cfc91fc9,29,Female,151,59,young
ca66ce79-355d-4a95-bd40-202eeb102da9,26,Female,115,91,young
1e7da513-2e5b-49b2-86dd-c67886fc488d,20,Female,135,15,young
3e441099-f7e5-4d00-b36e-c043fda24bea,21,Female,83,58,young
f6ebb693-9ab3-483b-af4d-485ae9e28d65,23,Female,155,60,young
3dfece69-34c9-4f72-bba0-ae3dfff83359,22,Female,153,96,young
a830fb4a-0271-48f0-b067-f2ba23c5e13a,28,Female,151,57,young
3b79ec34-d2df-44b1-91c4-ca636b4fb3d6,23,Female,164,24,young
98573c80-1754-4a8b-985e-1a089d67c8f0,26,Female,61,100,young
62d6e78e-a821-42e2-96cc-4dd11bc32428,28,Female,24,64,young
7cde97d6-ec3f-47dd-8808-4d86b5fd308f,21,Female,66,39,young
9b70ce1c-692d-460c-9ef1-2870ee4a0d4b,26,Female,111,15,young
61974b15-718c-4517-82a3-7420491eee6c,25,Female,111,16,young
42e2ec98-3f63-4e6f-ba00-80f52c4b3376,23,Female,49,92,young
acdf79bd-77ba-496f-b6be-9213e36dd376,29,Female,55,78,young
d4ceffb0-b7d3-400d-95f5-bcbdae753b15,22,Female,83,97,young
0ad660d1-69b6-4962-812a-c95e2cc3bafd,21,Female,64,98,young
d9e152f0-0e44-46c2-9a8a-28d62321ef8f,24,Female,23,60,young
f9b6a72d-839a-4f28-aeec-a374a1fb15b3,26,Female,111,55,young
3e9b8e90-9819-4388-8387-b26bd70fb61f,29,Female,35,82,young
c1ddf561-ebb9-4ece-945a-947fd4fdb72d,23,Female,130,65,young
95e7a9f3-e3c2-43a5-92cf-6d2b994ca733,24,Female,198,15,young
54f437a8-b147-4dac-93e7-35cdeb07cc69,26,Female,102,87,young
89b83c25-ff57-43fb-a020-09a07a59f2ec,27,Female,107,41,young
031f584c-db8c-42e0-8735-331e8bdd90e3,21,Female,26,52,young
8901ea49-2b59-41ca-9be9-fb3f3b1bbbaa,21,Female,72,92,young
202c52d0-2cb0-4b38-aa5c-7e231b14ce50,23,Female,87,66,young
eb2f65f5-0158-49c4-95fb-1d174f661b55,22,Female,189,50,young
62cf07b7-41f7-4925-a55e-56160ad74756,21,Female,146,77,young
e22ec57b-708b-40ee-88b4-605b1fe1cc91,25,Female,33,1,young
9b15de0a-169f-4629-b82d-adf15bd1d504,28,Female,151,10,young
739ffd59-c75f-4815-9318-9484505dbd45,27,Female,49,41,young
fad1e073-c272-417d-bdfa-6ccff667810d,24,Female,58,48,young
18c338ee-66ce-4782-ad1d-23208dced64a,25,Female,197,18,young
01cc9ffb-5315-4fdb-b179-f934583cc958,28,Female,103,5,young
1da32963-670d-4a81-9834-73dc774e4866,26,Female,138,24,young
70db8c44-c45f-465a-8bff-8a785006b223,20,Female,127,77,young
7ea47dee-eb56-452a-be8c-0915ea34147c,20,Female,179,33,young
56308215-83c6-40c5-a7be-9c2ba6ed7e8a,23,Female,149,68,young
e664303e-2f3e-4722-b07d-a2d28e327fa9,29,Female,106,74,young
74d7226c-1f41-4449-9d1e-aeb415c026df,22,Female,185,73,young
da37dd2c-a9a3-43ae-af1e-73150e3a72a1,27,Female,57,11,young
bafa7f80-0cd5-4051-ba36-12be6bc850bb,20,Female,174,39,young
f6f697d1-2c1e-4f38-8504-a5e73fa01a26,24,Female,123,33,young
e8c88bd6-6792-4694-a2e9-3f81c018d780,25,Female,25,15,young
ed236ae0-80b0-4e5e-b65f-6695ac163837,21,Female,146,4,young
b2930357-8bff-4200-8c99-d6ef3ff5a1a0,27,Female,78,38,young
04c56efd-3a71-4595-be0d-e2156424fe9d,19,Female,24,91,young
82ab0356-996a-4042-ad8a-884470046ce2,28,Female,173,63,young
b561f234-4c83-469e-b7d1-b642f8a8b66c,20,Female,113,26,young
5dcfd4dd-9a07-48fd-ac62-8c8cb4425d75,26,Female,92,100,young
00804270-549f-4b71-9d16-2464515f5173,18,Female,193,6,young
ae3235eb-a6be-47c0-9f46-5f72a07a88b9,20,Female,132,64,young
39217831-eaaa-4159-8670-5a43715e71ae,20,Female,98,16,young
17d4af51-0663-446a-b8e1-a346b72b2a80,20,Female,154,59,young
5d4b9864-bf72-403e-a687-5607e6c0126c,20,Female,59,19,young
71088e2f-cc65-4a12-9418-c24e9ed170f5,19,Female,59,49,young
2a05cd70-c52c-49c9-abb3-527102f860bd,23,Female,99,81,young
e15ab5fe-2811-403a-9722-4c6256d466b6,24,Female,145,99,young
4ae99350-6f93-43bb-9d44-fc3df634505d,21,Female,88,81,young
ddbb7a14-78f5-4739-9739-36d2873dab22,26,Female,156,96,young
65e6cd44-59a8-4f58-a652-b645415611f3,21,Female,48,74,young
9eb450b3-fa5b-4085-b661-fcdf7b6fd77e,19,Female,41,35,young
b15dac14-842d-4b23-8851-ad6f35e5b6e0,21,Female,110,17,young
1b14915c-c8d6-446a-820f-69a67f7064fa,18,Female,183,74,young
3fde09a0-a45e-45e6-a222-a2f3dba827a6,18,Female,98,73,young
64d421d7-b802-43cb-b68f-113082823c15,29,Female,158,56,young
760d19ce-1623-42fa-aaa8-fa860526c58d,24,Female,145,17,young
df38e209-7ead-418e-89fe-bd9f63aa8383,18,Female,150,70,young
9d29561f-c532-4b47-8db2-f3b10387cc07,22,Female,70,60,young
079af316-89f4-4d89-aedb-da10341ffe4a,28,Female,117,79,young
8293e5b8-a62e-4f95-a8bf-218b044cb505,25,Female,79,29,young
6b1ba563-62d0-48f7-af5d-ef10a696d373,27,Female,156,56,young
40b72393-68e5-4304-af8c-3f7bb33786bd,27,Female,125,81,young
648b8508-db5c-4176-a732-d32a99c302f8,23,Female,116,76,young
4a41bb80-bf25-4bfa-8486-4ce12b6d622a,26,Female,108,99,young
acf32874-06d6-4091-9630-81437c5f3f7d,25,Female,113,13,young
7936a941-c6fb-4a0e-9abb-eb7e39cc161b,21,Female,150,44,young
10d5497d-62ed-45f5-a126-8b98cd116295,23,Female,71,71,young
411cd9e4-e3d7-4d4a-82d4-ad88191e8c1f,29,Female,99,64,young
8f33c916-9351-4030-a375-014358482252,22,Female,175,55,young
a81b2cab-91de-437c-a310-fb6986e1ee03,29,Female,173,33,young
d9bae061-3cac-4b44-b035-8af2723f523b,21,Female,60,39,young
8a251e82-972b-4b8b-8ea2-87938d64360f,23,Female,45,88,young
ba1aac69-07ab-4968-a088-06c7f8e62e8a,23,Female,195,15,young
38386740-89b8-47d1-bdff-f074f562104a,25,Female,184,42,young
14de6f03-20d5-4f6e-abac-0e373ecf1dd8,23,Female,195,96,young
7f64f6a1-fd95-4f69-8c60-2af86dce4df9,20,Female,91,75,young
9fa858dd-2d5e-4702-b07e-9d4e0e47a8e4,25,Female,96,87,young
051c3393-c641-4838-a543-4a434dadbd21,18,Female,169,48,young
9c697dbe-bf64-462f-a53a-1c6feb0dc5c5,27,Female,114,24,young
ca6a4312-6f8c-4418-b992-73a5ecb88178,26,Female,100,11,young
76f4811d-f09e-4e3c-b706-d320a171e42d,18,Female,40,52,young
a4eb431c-f21c-4c3e-b390-651d94d7f8ad,24,Female,29,87,young
3e8953c8-77ea-4788-ad33-3165dd3dd24e,23,Female,138,70,young
01acb3ea-eca8-4f45-8dd7-20ad08fd12d5,20,Female,164,15,young
d12cd415-6554-4fc5-93a7-ffa63e4c58d5,25,Female,157,14,young
65a60cf2-7552-41c0-ab6b-32ee3f5d71bb,25,Female,189,44,young
9ca4115a-3d3f-4117-9181-364bbeea0b7f,24,Female,66,48,young
80e43768-eb37-4ba4-a24a-cc71dce5d483,22,Female,148,26,young
6efa0091-ef5b-423d-a752-ff3d7e1ce6c6,21,Female,153,55,young
31e52134-f6d5-48b3-b0c7-a77ea5150c29,18,Female,37,57,young
2ec401a2-d8fc-46b9-8e88-144fa704954f,26,Female,94,58,young
dc2ff2a3-4a71-4796-b93f-11d2e4621ede,24,Female,139,52,young
edb3f833-9ecc-4ae3-96f6-fc77d9dcd19d,20,Female,161,79,young
eb16cf29-0d32-4865-b8ee-a0473df679af,26,Female,91,67,young
f5c8e38d-e243-43b2-9123-6b23f58a9f4a,18,Female,133,8,young
ebbcf844-5ba0-4bb2-a861-5aef2cc56afd,29,Female,88,1,young
581e33da-3bd1-4491-961e-4803cb80a563,28,Female,182,33,young
37c75772-90a6-48a2-9d15-984278bf92a8,28,Female,196,26,young
2a63d159-0cef-4114-9166-a1dc11e4727e,20,Female,127,100,young
30f63ab3-d327-44c1-bc74-768839c48854,24,Female,154,69,young
3431d110-7921-4b7b-9b8f-3c12a509c405,23,Female,169,9,young
48cc07e0-591d-418f-94ad-c67a279e0eb6,22,Female,76,4,young
363dac5a-049f-4166-93ef-5604ea443178,19,Female,134,91,young
37bc81cd-c41d-4c7a-8f0d-9f65a0262f2f,19,Female,43,7,young
39f421a7-aab6-4c5d-986a-bf046255814c,20,Female,122,88,young
d037a07b-d47c-4ccc-8b57-5344cf2c9965,21,Female,62,29,young
91d4377e-ec29-4c6d-b1c6-2369b237ab67,29,Female,114,55,young
f82085ae-21e3-49b1-8432-4b8a7186b5cf,24,Female,148,100,young
8f68d9ba-d2d0-4544-942a-7eb25749fe11,24,Female,167,22,young
89d9bd9f-0409-4061-bb0c-0ffe82f1bcb1,18,Female,151,45,young
42653538-c423-4b91-9de5-65131006a25e,23,Female,161,6,young
43fb8ba4-6d1b-4b16-922c-36a8a5a20f30,21,Female,38,46,young
05e94e91-6b30-441f-99c3-b1c22f1e258f,28,Female,71,15,young
521714cb-8c0e-48cd-a134-e5256c1e2301,18,Female,63,90,young
fa4379a6-e902-475e-977a-9c412d2ffbb4,26,Female,168,14,young
13c416c9-30be-4b82-84fe-d9cb8db9f9c2,23,Female,159,50,young
872c74c1-7e60-425a-adbb-a54e53f520d6,25,Female,28,81,young
102cecbf-1ab9-4636-87a1-a5e009848672,22,Female,98,57,young
05e3913d-9e2c-4ba2-ad5a-092d4cb151e2,26,Female,160,52,young
a21660b4-5514-4d8d-9299-94fe8e139784,22,Female,49,8,young
3c7ecb8f-98f0-49e2-8423-1cc9b333dc4c,23,Female,45,77,young
b8cf1052-6891-4ad8-9f01-9ac018ada6a0,26,Female,38,43,young
97c939e7-2cba-4983-bd30-83c4c85db096,24,Female,116,13,young
4b1dc47c-5b6c-42d6-8ace-b62a9450a1a6,28,Female,147,95,young
fe0e8a87-ee23-48f0-ad09-c084ea214846,20,Female,135,23,young
f6d09236-068f-4c69-a131-1b462aa25675,20,Female,44,11,young
1ac8af03-b7bc-4839-a279-85a55aaf3c11,29,Female,197,9,young
8774a2fc-720b-4130-8f5e-cd1dc20f6ff6,24,Female,106,71,young
d07eb8bf-7344-4d63-835e-b25266def6c3,20,Female,92,8,young
1121a381-84e0-4ef5-a2b9-66ce9d194a59,26,Female,70,70,young
bfaa2a23-fb34-4ecc-94c6-98515d719527,19,Female,93,59,young
d577e1e0-e4d0-46cf-b731-d127f9e168ee,21,Female,178,9,young
41f6ed1f-422c-4514-ab0a-8e2f9baefb02,22,Female,30,48,young
1ad5a8c8-39d2-48c1-8075-d983a2e10556,19,Female,105,90,young
de0ba253-9055-43ef-b130-3e28be4705de,23,Female,28,18,young
f9a604b4-d3ec-43be-8500-5794f0ccdd63,28,Female,161,58,young
be70a4fe-32ff-425d-959c-cc785153877b,20,Female,33,100,young
fde5e774-3ef0-4566-b862-6e4b57e7d947,28,Female,28,59,young
17d91b8a-4099-421d-b794-e2ef24ef6542,24,Female,143,30,young
a1086321-0b20-4988-b96e-fdf4e11e0338,26,Female,34,22,young
b2575e82-4513-44a0-a76e-d00650eb665e,29,Female,73,44,young
b4f51c69-b7ce-4bc6-a9d9-893212e9892a,29,Female,23,12,young
35d5421d-206a-48c7-a12d-613e9318f11d,26,Female,121,37,young
74c3c65b-daee-459e-9cfe-83d37dede8a7,28,Female,56,5,young
200c2505-0bc1-4060-8d36-71d0705da59e,21,Female,66,61,young
370d0ee4-bcb0-4167-948c-6f428dcbb174,25,Female,161,14,young
4ba2004f-654f-4987-8bf9-4d74fbaa40fc,28,Female,119,33,young
9d1789e6-3350-4635-8f72-113895119292,25,Female,76,45,young
e7e66cf5-c16f-4fe9-9dde-303b83d7e320,29,Female,157,3,young
b0b1ecc8-1c0c-4fa4-91cc-07429343d5de,19,Female,78,37,young
657b59fe-8dbc-49a7-9d4c-ca515870c05b,20,Female,75,90,young
58c58fc4-447e-4c81-8082-3bc4b52b1387,21,Female,28,52,young
17133882-764c-4822-ba4c-44f6db78d90d,19,Female,115,43,young
6d69a27e-0f01-4698-baf8-bba7337d6486,20,Female,49,56,young
95aed614-f568-45c3-bf57-4eacc8c76dc5,27,Female,56,9,young
6ddc12d9-12a1-43d4-bb24-b12906e21e1a,23,Female,180,14,young
e34740ee-af41-412e-aa0b-69da29d4c711,26,Female,107,45,young
9cdc4c93-6867-4506-aece-29c46bdf7989,26,Female,82,26,young
2c89ee1e-177d-4449-b2c3-c1f38e6f639e,21,Female,190,64,young
0de1b13b-d209-4301-9eea-a2b04676faef,21,Female,109,35,young
4264ac59-8005-44ab-b9e1-e1a13dbefcd7,22,Female,161,2,young
1615a4d5-9753-4588-a266-32cdec085c17,18,Female,163,2,young
3b0b7591-de87-4e30-82a8-ae2462624f4c,26,Female,160,100,young
f9b91895-95b8-4b61-92b0-9081180aeba4,25,Female,145,90,young
a5dfc186-59ae-401e-8ddc-63150adfad5c,18,Female,151,45,young
c557e244-b61b-415b-bd3d-eeffeabce1d9,27,Female,139,84,young
dc72e55c-c2cf-4815-a1e3-0e140e2bbf63,25,Female,126,46,young
8fa86256-a540-402e-befb-4d225947b8ee,26,Female,198,31,young
587eb2ee-b228-4201-b942-58352050ad89,24,Female,82,19,young
674cc9da-0bb8-4fed-badb-3a07949859a4,19,Female,119,79,young
f6b56aed-a8ca-4c10-b91d-cecfd7839068,21,Female,110,95,young
1956c2b5-8e4b-4725-b366-13d1dd42b0a9,24,Female,192,36,young
c3fc4963-dad8-4b1b-b913-9d9609146a37,21,Female,143,41,young
c9aecd51-1552-4db2-81dc-d9e2a554c72b,19,Female,30,13,young
80099b01-b712-48a3-bafb-18de796bd50d,19,Female,163,92,young
66320b12-3f8b-43d6-bd22-3d89d15a7e18,28,Female,29,81,young
3be9f62a-c5a8-422a-b47d-73de1f6bfd63,18,Female,40,49,young
2a0cd52f-ade9-4c55-b010-83d72d761c51,26,Female,136,84,young
d45f6489-a0b4-43d8-84aa-d9b398c5934a,18,Female,164,15,young
b1116d4a-fd51-49f1-bbe4-8852aa804e9f,19,Female,151,9,young
5794e2fc-3a43-40c7-af99-ba37cd178d3b,22,Female,83,25,young
21c0b5a4-0f37-455a-94cd-f66196c2aa1e,27,Female,91,40,young
c19ce92b-ad55-47ad-8ec6-4630468aa64e,29,Female,23,87,young
baff35ac-8f45-497e-b2b8-67e0ab7feabb,18,Female,99,24,young
83428bb2-5467-4c55-a459-dc8a49b3001a,25,Female,63,46,young
7289a581-d04e-47cd-acc6-0fe87f5862fe,21,Female,158,74,young
6339333a-a019-4c68-916b-e769a83a06ad,29,Female,133,62,young
0ff04674-2ce3-4632-b60d-7f41f077544c,21,Female,96,96,young
49c1c51c-654f-435a-bede-936f08f3434e,18,Female,114,72,young
391e647e-94bb-447b-8d76-c9afe8680578,18,Female,143,77,young
3ab08a86-072e-47da-9492-6f5fa3671fec,22,Female,70,26,young
87e28ef0-5469-4772-96f3-63b59a3c9104,22,Female,169,42,young
f0d231a6-c61a-499f-b465-5d30b8d47618,27,Female,101,13,young
fa6b7777-508b-4270-9af9-f5237e0b14a0,25,Female,198,90,young
65c2572b-e785-4f5a-aaba-a8d6e49e78c7,25,Female,120,5,young
827cd9a3-0dda-48f9-9a20-3f02ba3d30c1,21,Female,78,89,young
68548eba-e54f-47c7-aced-e4a2eca444ce,27,Female,192,10,young
6fa3a8f2-7e38-40f3-8059-85fcbbb93414,19,Female,196,95,young
0f203138-4683-4b1b-ac9a-3b870cb3ae38,27,Female,110,58,young
aa172ecc-1482-4dab-8e93-f64d0561d471,24,Female,96,58,young
cfc7c56c-7f77-48d9-bfb9-196b919cd587,21,Female,71,46,young
f2e7433d-bc45-45a8-950b-1293167f28e6,26,Female,43,43,young
c184b32c-d3d0-4a9b-8c5e-fe7a0053a78a,23,Female,32,68,young
52892211-33c3-4e85-bbff-4fc490f962e3,29,Female,41,58,young
64a6deb2-5452-41e2-b9ae-5a05ccb8cb77,25,Female,133,22,young
5ba81f0d-9825-4c80-9a05-43d8ffa3d929,20,Female,79,17,young
d6241abc-03c3-49e0-b1cd-fe29f14ca1bd,24,Female,67,81,young
7db797ae-e78c-4041-9311-52368fe15a15,22,Female,173,29,young
b6107347-a1df-458d-89b9-3a83852fb7f1,21,Female,142,5,young
e8b11923-faeb-4843-ae15-743038992e2b,23,Female,199,59,young
236a038b-d7b7-4218-9e7e-06f873e9a5aa,29,Female,29,39,young
6fa0dec3-cdb0-4827-991b-a636dceb56a2,27,Female,109,46,young
98ab5bce-c3c9-4ee8-adb0-9941685eb247,20,Female,120,30,young
00e203e5-c1a0-400a-b286-43939b10f6be,23,Female,155,85,young
4d3852fc-f35d-4b1e-a14d-d9254b36db57,28,Female,155,17,young
86af4537-d751-468e-9caf-82d831a2e720,28,Female,80,95,young
8f34c2e9-92cb-4568-b1a2-bb861bcbcdd0,26,Female,39,49,young
cab3c7c0-312b-4971-b215-fccd447434f2,29,Female,195,27,young
4d349595-9d91-43b4-9ff2-ff58daef0f4c,22,Female,79,78,young
60751fce-ef3e-43a5-81fa-f924a5776bf9,24,Female,78,32,young
69d0daa6-456d-4aac-86ce-3a51ca23b0e9,26,Female,170,65,young
3067ddf7-0b14-4884-96bd-98aa897b194e,28,Female,152,85,young
107b302f-f809-46b6-9756-65399b3c2afb,26,Female,131,71,young
57af1afa-7772-4f5a-8142-9152f613eb72,28,Female,137,27,young
877bb710-189e-44ee-bbab-900b9eab1e2b,28,Female,96,55,young
923b46dc-0d5b-4362-9b8e-3ae21abe7403,26,Female,128,40,young
d6a3aaed-b3ef-441f-8a56-e04fea93d90a,26,Female,86,59,young
4d6818e6-8ff7-4dd9-aae7-f6110e83e4d8,29,Female,81,43,young
8036fb80-0d59-461f-a3ca-9a68d1b6a572,27,Female,90,23,young
7be70de6-631e-40f9-ba4e-097289aaf520,28,Female,175,51,young
f1576167-c30a-4028-b79d-faba19fcd7fc,28,Female,164,16,young
e0d5d01e-4afa-4763-bffe-1f7517bda767,23,Female,173,63,young
017089be-cdac-49e2-8e69-115a76a24f7c,28,Female,68,63,young
e3d5da36-4cd9-43a8-b6a0-7730bc43ba69,21,Female,137,19,young
05b82abe-d441-4b2d-abdb-b586b338d0b4,18,Female,39,94,young
325ebc3e-449c-4cf3-a6df-ae1737753024,19,Female,120,40,young
65332d8e-e3e8-4bf0-a961-ca3bc3e3dedd,25,Female,197,26,young
f77c7b00-8d9e-4438-8f44-e6530f7a5450,26,Female,178,66,young
e3012024-3991-4601-b7de-805d8808261d,20,Female,195,3,young
b5a39763-69ea-410d-8cc6-16c615dfffb6,26,Female,117,3,young
a1d2ecbe-358b-4b31-8bda-30b8d6dd08d2,29,Female,160,82,young
7699c578-327d-4b67-947e-85f442f1777a,26,Female,199,36,young
26f62af3-82ff-4fce-9c10-bd64bdbfcbaa,18,Female,162,63,young
d4fd2c0e-afa9-4f09-a556-c722078eec57,26,Female,44,35,young
7f3857a1-18ff-4372-9465-224303daff72,24,Female,83,97,young
59c7e836-a838-4c24-a41c-3f60b2291e7a,19,Female,180,40,young
0acf6fbf-a10a-4194-a6ab-8d17178ca2e0,19,Female,61,91,young
927f609e-c15f-4371-a177-461a4a2abfc5,29,Female,103,90,young
03fcf515-2b9f-4f85-9a07-039b2f8864ea,24,Female,192,72,young
f70737e4-58bf-4b1f-af54-07aa0dc8ff3a,18,Female,171,41,young
6ff1eb3b-e49c-4de0-acf1-ad4e54a708ec,22,Female,187,99,young
73a84b2e-9611-4bf8-912c-ee4b4c09b3eb,19,Female,27,36,young
a9a793bf-e843-42d2-8bd6-6f6a0a4f68d3,22,Female,45,20,young
de89732e-ad08-4ca6-bb1c-4c4500d24745,19,Female,97,87,young
ab32836c-d226-49c7-a820-67eacd7222da,22,Female,52,38,young
1956ff57-6c53-46f6-981b-7c5788815261,26,Female,74,25,young
ac352ac3-a759-4514-9ef6-2f13ef2ce4ab,21,Female,195,9,young
2998069f-b81e-4042-9101-3fd95d7b2ddb,28,Female,31,74,young
14728282-fbc3-40f2-8ae1-79c05e43034d,21,Female,169,56,young
ecd9afc9-b4ae-4560-a3b0-2e7f2fd46dbd,20,Female,133,26,young
48aae04f-3c09-4322-b479-ec2fe08d24fc,25,Female,57,70,young
df91c860-b4ba-45b0-9694-85357fe9780c,22,Female,141,74,young
2840b072-870f-4aa2-af6a-dc5c60a8bbb0,21,Female,23,93,young
42787f3f-73dd-413d-9ec3-99b959406f0c,23,Female,162,3,young
264c36c8-9338-46c0-9020-d3512fc65d76,29,Female,109,70,young
b688db6a-e220-4224-bba9-d3cf263dcd94,27,Female,73,65,young
6c1a346d-bfe8-4461-9370-a61f16cabb14,25,Female,58,55,young
46455c78-8699-428a-90b1-1a3b4ff32949,21,Female,155,99,young
ab460ea5-8234-49f2-bbf9-8f4a782da34b,22,Female,111,28,young
2f1e843e-ab53-4285-9440-69bdf85985f6,19,Female,125,72,young
83a9fe92-0446-44e5-a2e7-8ea581056fe7,24,Female,113,19,young
e5d2468d-3494-4978-9e21-c88e7c54e812,27,Female,32,94,young
400591b9-6d03-4d59-9b73-893f29dec99c,20,Female,129,67,young
d9486b71-e3b7-48f8-8d32-ebd7a3e6a0b4,21,Female,56,48,young
c198ccff-2f6b-4108-b0a9-1bedaa622191,26,Female,120,9,young
4b66ad2e-b1d4-4895-89d2-eb3e52d86612,27,Female,61,19,young
30c44979-7388-4cae-bcb6-361c82a12d3c,28,Female,79,51,young
0cf8f920-2860-4c9a-81ab-ce9b3a0e24ad,24,Female,84,51,young
548df5a0-bbd4-452f-bc5b-0182a8bc33a3,18,Female,176,5,young
d995d05a-a7b6-4097-9142-048e3013d040,22,Female,82,64,young
b9965dfc-57e7-47fe-b7a7-2ef337818eda,28,Female,77,74,young
9d12b08e-8d64-44c6-b310-90c82d33d28f,22,Female,152,79,young
ea370122-04fb-4b8c-ba22-91528bdde7d5,29,Female,104,70,young
881d6a88-8559-41cd-9163-0f4d367ce4f0,20,Female,121,51,young
ff889f0d-49e3-4ce5-b3c4-ab4dcde82ca7,25,Female,124,88,young
d3dc8a6b-7d05-4d58-9cfa-2dd15d5d3ef7,20,Female,174,83,young
217af061-4290-442a-9efd-7d936320dc55,23,Female,24,91,young
79f3cf53-a68a-4c6c-b7e0-5addb865a93f,26,Female,55,4,young
dd8aa225-de5f-4322-a9e8-421c5b48fdf7,22,Female,54,78,young
4e5c7530-4db4-41f2-8324-92a40de91d9a,29,Female,185,38,young
8cac8548-dc8d-4178-b977-14a64ac946f4,19,Female,104,75,young
dcdd6644-3f5d-450e-a311-f96a66c9a109,20,Female,152,49,young
5c8f9f88-cc39-49fe-94af-a8998a7a4890,20,Female,108,4,young
614c2dd4-1b6d-4d58-acf3-e5e0c2a50caa,29,Female,69,40,young
40bb7633-870d-4908-86f7-ac9eab936bfa,21,Female,121,32,young
5660bb0f-1108-4211-8aa6-51317a7945df,29,Female,30,11,young
fc06a5e1-65e5-4a88-8c43-0a5f5ba1e9c4,18,Female,163,78,young
cdc8e60c-3aed-49f9-977c-d27c735e51c8,27,Female,178,88,young
d82d0e6a-72a6-4323-b1ed-a34867faebdc,25,Female,95,95,young
7db7ee21-a76e-4c6c-b383-99993c0b0ea8,19,Female,105,47,young
43b74c1d-2888-4035-9506-797ea3c7ad1a,28,Female,51,64,young
ea7d5e36-4c74-4385-a09e-88835d110e64,21,Female,184,40,young
2be21b7b-2820-4360-b0b4-f849b420e0b4,25,Female,163,97,young
9439e970-759a-4a0a-b624-21ebfdc67509,18,Female,119,47,young
99d0abec-4646-4559-b71b-a8d2fbc71e17,19,Female,173,89,young
71073bf4-5985-46a1-9b2d-838682082c54,22,Female,62,75,young
96f91eda-f51b-431d-b1eb-1e697397da47,28,Female,86,87,young
1171c81b-8258-4868-9446-50365261ca4b,27,Female,129,59,young
670a6b47-6d6f-4d31-9c26-f005bf32bac4,29,Female,196,28,young
dc81fc0e-6282-4dd8-811d-b1364689e4f0,29,Female,105,66,young
2a6804b5-8b76-4431-ac1b-2bf7fe958f2c,18,Female,149,13,young
37c93f4b-8e21-4f16-9c75-d055749bb3a8,24,Female,43,77,young
fdde8cd0-8755-4366-8385-482411414a84,20,Female,128,77,young
c11e284e-db7e-497e-a376-822ed8dcc50a,29,Female,180,76,young
2bb8406f-7208-4cec-8cdc-f5fc0de430d7,20,Female,191,28,young
3de1afed-ab87-4097-860e-3f85e6a2b611,20,Female,98,83,young
ddb60042-41a4-4089-ba1b-14ba5ba5ca8e,20,Female,192,84,young
c9e46f6d-848d-4972-a48d-f481f95ce1b6,19,Female,193,93,young
046c8fe0-a3b2-49bb-8db3-4a71d25bd7d4,20,Female,180,61,young
43cfda69-fa4a-45e6-8f7a-4a154ef74dfb,19,Female,86,60,young
1af769c3-48da-4189-9935-0e7cc2e9bb5d,29,Female,73,53,young
4bc390cf-4bee-421a-8a48-ee5c32c36591,28,Female,45,76,young
29e143ed-67b7-44a3-96c6-955b09716fb6,21,Female,33,98,young
4ed759e9-d0ae-4737-bd40-3c6f16fd0640,28,Female,143,94,young
f5cb1ae2-e048-49a9-a1fe-e8e55813c3f3,28,Female,78,64,young
779673e7-f5d2-4941-883c-5e714effdaef,22,Female,198,63,young
8bfbc368-0bcf-41b9-a746-04cb9258715a,27,Female,95,85,young
7177f6ef-eaed-4b5d-84a8-801c89b08171,27,Female,100,59,young
1f98b354-4906-4712-a656-a91ab2306a47,22,Female,155,73,young
c8879991-6574-4139-a516-ad5d288f1d4a,19,Female,178,20,young
abdb869a-a85b-4607-a3da-480e75a6c042,22,Female,177,83,young
d21996fc-a23d-4135-bd39-547406e2ea50,24,Female,186,93,young
97770c6b-81b7-40c9-ba85-20d3d8531ba1,20,Female,94,24,young
b7a591ba-664e-4a47-9aab-0f5131a0ded4,22,Female,158,30,young
cbeb3902-9217-4dff-8296-340efb4aeabe,20,Female,25,100,young
9b0a01fc-9ec0-4f54-b749-c419045faacc,25,Female,36,25,young
28b19b5a-cf88-436c-ba62-8375f929fc71,25,Female,124,16,young
919bf49f-253a-45e3-88ea-224329709e4d,23,Female,120,89,young
a5a71d4b-a7f9-466e-99c1-231d25c83201,26,Female,85,35,young
f3f71366-91e6-4d46-9a6b-c772b89ccd86,20,Female,60,2,young
01c87e1e-c884-4b75-a19f-8a4c6d1d2147,19,Female,188,33,young
069845f5-941f-4d41-a095-4253f343b3c0,25,Female,35,45,young
06587c36-b470-4680-b089-d8c7c3493d03,25,Female,199,12,young
9ff2a966-9281-465d-8457-8009f11224a6,22,Female,144,19,young
c639f9fc-99ae-4bad-b77e-5fd4a77c8e14,19,Female,151,44,young
88d01388-e7d2-4824-b5bf-9db9841e00c5,27,Female,131,3,young
f02fa3ba-a464-4987-b412-6b576028f32f,19,Female,189,48,young
fe380d5a-8c11-4b55-8f67-03c0ec23dc8a,29,Female,168,8,young
478df417-96cb-4e04-b820-ae3a2ccf12db,19,Female,188,65,young
e62d2e6f-8e6b-44e3-82f8-de040cf5699e,29,Female,183,93,young
23c88cbc-c3c3-47bc-9476-4af2e38dd268,21,Female,72,84,young
2431a672-f2d8-47a7-a5d2-1159afa572a0,25,Female,69,18,young
603f10bc-50de-47f7-a93a-778cb3c0fd4b,20,Female,190,96,young
21c0b65c-44ec-4998-883b-7dd1810872a9,23,Female,196,80,young
74bcf30a-4de9-4622-a505-fc44acb86e53,18,Female,151,62,young
49bf1117-631a-4752-be25-0ac6d6dd0ea4,29,Female,63,93,young
c72189cd-80bf-4792-b89b-6f4ca2447229,28,Female,116,22,young
8c92bfc8-3347-4de7-81e9-e48aee6c4499,29,Female,52,37,young
52f8be83-741a-478e-9237-063eb3d6dd43,19,Female,129,5,young
171dfa86-c2ea-46f0-87b5-d72dc77e9955,28,Female,94,74,young
e38826c0-865b-4848-9cbb-40ed965a18b6,28,Female,112,89,young
d3b52820-427c-4813-ba8b-ccc99326faee,22,Female,200,59,young
6c749806-e132-4a2b-8076-211835b89c98,26,Female,60,64,young
0dd159c2-d43c-4f0b-a81c-98895ce29e70,27,Female,62,6,young
fd74bd6f-077b-4401-8732-66bd9011d697,19,Female,83,84,young
ab59cd8a-dc9a-4a10-9df7-88fd22777b57,18,Female,65,27,young
c9bdd118-2e9f-4a2b-b1ae-dd62e2578d7b,21,Female,70,41,young
47e34f5c-0d0e-406d-a3b8-869b49a91825,25,Female,87,30,young
46d2a443-eb57-420a-b9d3-89748df497a4,21,Female,150,3,young
e241555c-385b-4341-90f2-0a13d9169684,19,Female,191,8,young
bc41a897-c217-48e1-8a79-304376daa945,24,Female,144,5,young
6e19ebd3-c14f-4d4e-98e2-3d2c37f9d903,24,Female,139,7,young
4c9a1e7c-99e0-4316-8931-a2fd715da1ff,22,Female,160,56,young
754e55df-67a2-4cd4-bdc8-fdf54da0f866,26,Female,37,27,young
d89195b3-405e-4008-ad3f-7e7c335042c2,23,Female,145,18,young
a79912ff-7b03-4efa-ba30-9b1610d69571,22,Female,159,93,young
7ed75857-a2c2-4149-a9c1-f3f3451a6fab,26,Female,140,1,young
9a441349-0b54-450f-b2c7-0244acdcfa8b,25,Female,161,100,young
1888514a-4724-44dd-87a1-d4f2149d99c8,18,Female,143,2,young
30fac779-cfbf-4488-bf20-06ce7ec6cf35,20,Female,130,87,young
ba7091cb-3823-45ac-ace2-5f30bdf1c3e5,25,Female,184,60,young
1b78ff63-f21a-487f-9294-9d4bff22bc31,21,Female,129,61,young
5d171284-ec85-4fc0-9bfa-1505fdb72903,20,Female,191,10,young
f26da73d-1004-4839-bc0c-7ca2f4977cc3,29,Female,168,50,young
19e26376-a810-4025-ade9-de17c077b313,21,Female,142,38,young
301e0c3f-1c5b-4e74-b952-5bd5c5783d2c,27,Female,63,45,young
10774dcb-8023-44de-aca7-4c6db1c0d638,24,Female,85,8,young
bc41cc91-4e5a-4442-9710-ad0ef563c761,21,Female,42,52,young
28dbda2e-fdc4-4ed5-a53c-892ca73a4c59,19,Female,180,71,young
d820f518-5efa-4371-9f7d-7f8c1c7b4a1c,23,Female,104,60,young
f39aa20f-314f-4296-8ecc-082280514e48,23,Female,152,29,young
e29429f7-3888-4561-8dbe-704f8e8540aa,22,Female,60,65,young
5a9234f4-6a44-4ff3-aa26-cf8ad5bb2b5f,22,Female,119,22,young
26977df5-7900-4d47-9b02-f38fabb8ee79,22,Female,194,24,young
feacfb74-9840-49f7-94de-4166ccf4ab45,26,Female,130,26,young
b3063e22-6557-4c1f-a33f-06deae41b154,26,Female,20,38,young
07235747-855d-43d9-b69a-9c6a1ab51177,19,Female,159,98,young
2d102153-7455-4960-951d-7a6fbe114b9a,21,Female,77,45,young
2fceb2fd-281c-480e-bf45-914445166c30,28,Female,66,32,young
60057501-26ce-49aa-bba9-e3f04341778d,25,Female,40,38,young
263332e2-8439-49b5-840e-63941aa2ff4e,29,Female,58,47,young
ad7c7df3-3d48-4c5a-82fa-7266b59f5429,19,Female,176,6,young
ed34a620-e567-4b23-a859-c9ec113172cc,26,Female,136,91,young
a2735880-e6bb-4a72-80ae-13303ff77fa7,26,Female,167,43,young
995a7872-a784-4f3a-ab9c-0fb674e36333,23,Female,94,71,young
2e06cd28-579a-4d6f-9a65-8b255c13439b,24,Female,46,76,young
9b049078-60f0-41d0-8f0e-15db25d83e6c,23,Female,152,47,young
60ae7e7d-4be6-4d39-8bb8-eba4b4a9be3c,22,Female,30,78,young
8e2f8297-f63c-4d14-b3fe-06ac8e826a9f,24,Female,38,4,young
2e03e366-f7fd-4a19-86fd-53032c6c9532,22,Female,150,86,young
cfd664bb-1342-4de4-8146-9f227a848d37,20,Female,119,16,young
6b45fd79-83ff-4bbf-ba64-db3740152b69,25,Female,100,14,young
c39fef3b-32f5-4898-a4d4-ae8a5c679d86,22,Female,76,87,young
f21a4176-1bea-4c19-8a46-aa8630d3cd22,27,Female,68,50,young
301dc2e3-6c3e-4720-9cb8-92ad5a0710a6,29,Female,116,98,young
2145cf37-0351-4f69-b81a-2c6d9c1b6434,26,Female,75,98,young
9e47b17f-33f7-4d99-aa88-836c80170c34,21,Female,128,6,young
b7faa9c3-8f76-4451-8848-51a4ef9e2b67,28,Female,160,41,young
d4845967-193a-4ff2-8695-aee6a61a19f0,23,Female,187,67,young
ba7d90cb-db99-4bf7-9a17-9ed4f83c0a49,23,Female,62,66,young
9441ee4c-0d52-407b-809a-3f61e4eec5ea,18,Female,149,89,young
fe3ce49e-9033-4a7b-85de-ba2e6da037e1,29,Female,129,12,young
8f1b1228-817d-44ff-b70b-31c4ebac3d94,23,Female,80,19,young
f5cf0bcd-85ce-40c8-adc9-6645a36490df,29,Female,46,16,young
a714cfae-b3a1-4949-8b47-c586fed3a3aa,25,Female,103,90,young
3bdbf9fb-8fb9-4925-92e5-495de0263a4c,27,Female,174,66,young
7e435171-c0a5-4fa5-8533-5ab62779a894,22,Female,99,99,young
40d8939c-93ea-43df-bfc6-0d97db5a2995,26,Female,96,79,young
3bbf2fe1-147e-418e-bda9-deef37eeb513,19,Female,119,59,young
4ceec485-ce01-4682-b6de-b3aa38fc6967,20,Female,199,81,young
0ba1bf7b-cd8f-4932-815c-b4f332f881e6,27,Female,38,10,young
d21b4f0e-9d8f-4836-9b64-bbbd520027c2,28,Female,35,62,young
937a1cd1-3bb4-4b0f-ad7a-4ee062a01a30,27,Female,189,27,young
0b589709-bd15-4e5c-b532-fba8984031c5,18,Female,145,98,young
7e34735f-8643-46e0-8cac-8c114e38970c,23,Female,131,92,young
2c1f36ee-eacf-433c-83f1-34a771f5481b,28,Female,21,70,young
70eb434f-0eb8-498c-a739-4f25a9361194,21,Female,186,12,young
f8dd8811-db56-46f8-b0e4-30f8927b6e29,24,Female,98,17,young
ec2a8190-2bc1-463e-b54a-7080878561a8,28,Female,94,42,young
d830df1c-021b-4737-9a32-a0a263e33367,19,Female,117,13,young
38eb59ce-1603-419b-802f-6a99b440ed0c,27,Female,61,36,young
51a1037a-339b-475d-8eec-de57dd922d66,23,Female,73,44,young
199d9cf2-20ce-4577-bfb2-0fbcdc0afecf,22,Female,63,61,young
f21a1884-7a9a-47a4-a89f-9fd0388eef43,18,Female,135,87,young
f7db57ed-aac3-47ca-a120-e38aa7cf5d27,18,Female,104,65,young
ad45a742-ef55-408f-9340-838b27d189b5,21,Female,183,62,young
5d61a695-3330-4e72-af29-a71a4e93bd6e,20,Female,77,6,young
70a6fe14-b05b-45da-932f-e22480a98de1,22,Female,111,15,young
66b9c556-f36e-4ec3-9069-681ef42b6817,28,Female,30,16,young
e48916cf-edb5-4ed0-9d88-d5259f93571b,18,Female,198,24,young
f491811f-88d1-42dc-a1be-57a9b62e48c0,26,Female,41,20,young
15a57edf-4d7b-4886-8024-8eccfeaba34d,29,Female,162,49,young
51ae93d2-645d-49ac-999c-502de4585c6a,24,Female,188,90,young
c72b0082-76d5-47c0-b30d-bc9de617eff8,20,Female,82,7,young
a3a8def2-9fe8-416f-9763-aa146338d920,19,Female,70,76,young
276ed9e5-c64a-4c48-932d-7700bd7a30bd,22,Female,93,85,young
6cf0f7e9-ff6b-4e0d-916d-6d158498cd4d,27,Female,178,39,young
1eb78ddc-9d73-4fe9-865a-adce754386bc,25,Female,143,44,young
c77e738e-d820-4a2f-81b1-4b46024911b1,28,Female,100,21,young
b0055a70-ce2b-4187-ab08-4a8c649df414,24,Female,56,54,young
d308e15b-011b-4764-812b-f76fd9b7eb72,20,Female,78,33,young
684a1be6-1c94-4d3a-86fb-0bbc7653c0eb,29,Female,102,51,young
9f44bb10-87b7-4262-88f0-49aab221f497,18,Female,134,73,young
4e0b85cf-f25a-4159-b36a-10da15388f1d,18,Female,190,96,young
538b2b6f-6ea7-4a84-8854-89023ae1fd17,28,Female,175,14,young
4ce4df44-d4d8-4778-ad8f-99ff3e33e3bf,28,Female,193,70,young
09462cb9-90e2-4d48-b0ca-05881bee4386,28,Female,198,23,young
6fc8d0b3-1d70-40d0-bb9b-5a1bf95c6dfa,19,Female,128,83,young
2f5d64e9-5a2a-4efd-b582-4517033c5d1b,19,Female,170,88,young
0c42b1e0-b692-4d52-9890-f8d8cfff1cb8,22,Female,169,37,young
a2916447-4a64-4fe6-a124-ab3835d49c9c,18,Female,187,61,young
8fc26311-b125-4883-9f29-55861cbfa076,20,Female,146,23,young
c803369c-a506-4296-b4a7-82aa0afd70da,22,Female,127,41,young
0ee8ae85-ed8b-4cc6-ad00-102a382c5ed8,22,Female,59,49,young
0b1937ff-7a80-4918-94d4-33e1a851cd0c,23,Female,138,11,young
a4c70c8f-3327-4550-97cd-554d9a596040,20,Female,117,74,young
c189d8ff-d7f6-472b-969c-1b43257dee1a,27,Female,87,85,young
e4e97cb4-070f-4c05-b166-35bcab68393d,18,Female,54,85,young
6a962854-8be7-4691-b27c-3a2b862d001d,26,Female,59,26,young
d391de3e-72a5-4485-949a-5e38f044baa5,28,Female,46,74,young
4ce8b51e-66c9-4a9d-9dd4-1e8b7c669214,18,Female,35,89,young
50867e50-56b3-4760-b566-e8b121134a40,24,Female,122,16,young
ccd900fd-72d6-4b7c-ac03-b613ecb672cb,19,Female,166,90,young
ce9513ab-fad3-45aa-b187-6970316422c8,18,Female,175,16,young
f533812e-0e27-46c5-86f3-842057b20cf9,25,Female,41,23,young
207aab04-5ea2-490b-85f9-9855cf35ecd5,27,Female,151,29,young
aa58e72b-e22e-40c7-a101-39de058137d8,22,Female,87,50,young
3c6ae8ac-bef2-4305-969d-4d50c47935a5,18,Female,22,75,young
63ae41a7-8750-41d9-8b03-9df7a5ba3edd,28,Female,138,53,young
6a60540c-b02e-432e-ad6b-217510e3dc16,28,Female,152,27,young
f5c9d0ed-4c11-4b3a-b0fe-9d3f14b4a6b2,25,Female,154,82,young
3c39b2e5-bedf-40f0-9bd2-fd4f3730b94b,24,Female,93,78,young
3afb0426-7453-421d-90a4-4a81ae8315e1,24,Female,78,18,young
bae23619-4fc4-4407-a833-38e4b9dc0b91,27,Female,187,56,young
0b449d2c-e52a-4112-a4b5-d473486e1e95,24,Female,45,56,young
8138a3df-ae6d-4357-8d3d-90bc71d70b37,18,Female,94,67,young
fd233c4b-73dc-4ff9-a8f6-ce8ee2b0cf18,19,Female,94,91,young
04c6e0d5-6548-4fd9-a70d-2407ee4bc978,25,Female,131,22,young
fd5914af-d0f1-4e6e-a9a3-0cf209045796,19,Female,80,97,young
6388a6d4-6d01-48c2-b221-9678d737f7a2,25,Female,74,63,young
80d32e52-67d0-4199-8b03-83445e3427a1,21,Female,166,98,young
8a315f43-5f37-4d48-84fb-6e56578a6163,20,Female,60,75,young
9e716c6b-a7d9-4594-95e8-d00ec0659453,19,Female,134,60,young
cf9b32a8-e28d-4149-8cfc-5968b8862d85,26,Female,55,33,young
b42c4339-65ab-4e6e-9c0b-340b48bacb69,20,Female,200,99,young
51a5dca9-8a41-42cf-bba2-31eccf9de22b,25,Female,31,4,young
ec3666bc-2c8c-42fd-b135-0bb40f3842d4,21,Female,111,4,young
5b57d495-93dc-4500-b030-75f72433ce48,26,Female,162,27,young
3c3905e6-dec0-4ab5-b658-5091055356dc,22,Female,127,27,young
ed78b168-5b8c-42c6-a523-cbcc7fa238ab,27,Female,37,94,young
51771a3f-3f94-425b-b0d1-afbbd27211ee,18,Female,98,21,young
8a85e153-4845-48c3-8758-b02f09cbb6cd,21,Female,187,84,young
5c1fee0c-5ef9-4466-b65e-137057af3d79,29,Female,197,54,young
fb53dafe-882b-47e2-aaf8-1ab7be6accf6,20,Female,134,78,young
e9647628-6c83-4a16-afa1-58e533a3c956,25,Female,53,19,young
a7e4a7bd-3828-4205-85eb-b0c2f4fdfc98,21,Female,130,50,young
731f239c-0b93-4383-a0c0-ca740ae7d908,29,Female,153,50,young
04e4d277-70d7-47af-9d40-4fae03cd3b47,19,Female,180,11,young
e9d9998a-817a-4b48-a237-5ceb63fad5ba,23,Female,141,43,young
bff97d53-37a4-4b90-a236-52dbeb20b7f9,23,Female,36,47,young
b52e7520-bff0-475d-8aa8-10e85f2d2aa8,19,Female,117,6,young
535b07ad-abb5-47a5-a8b4-fa741a9a7cca,26,Female,147,17,young
fd0cc77c-1858-481f-8f9d-e3f277584063,29,Female,56,85,young
12589f06-30fa-413b-a16c-740bd62bba45,29,Female,117,90,young
c5000292-e887-43b7-8801-a1bb578c614c,23,Female,179,16,young
86dffede-3f00-48b6-8464-ee705c1c0483,19,Female,96,87,young
b9d1bb21-5fb4-4f53-a50d-889df6a77775,26,Female,67,62,young
61c8a05a-d333-4336-be24-07febfdfb341,28,Female,179,21,young
ef35a491-1314-4a16-90d4-8e9fe9d850de,22,Female,179,50,young
aa05ec5a-8c5d-480b-a573-49a5ebcb4d2c,26,Female,43,62,young
b7a830ae-5074-4ff4-bed4-3b423a1c9c40,23,Female,180,52,young
e7cb63df-6520-445b-b8db-ff21687b9910,23,Female,40,81,young
75579ead-4bec-483a-9227-84a3bb0fa80a,29,Female,94,47,young
20a8129f-38bf-492b-bafe-7fac81d230c9,19,Female,30,60,young
53a2c203-c802-4562-8bb3-64444010b2a0,19,Female,21,29,young
2d7fb423-8813-4e90-a39f-9650de2e0e54,29,Female,91,75,young
664ffd0c-7010-49ee-94d8-eba05455ee4b,21,Female,51,18,young
0d75c8c4-ce95-43f2-b460-25d90a83057d,23,Female,80,25,young
45c7bc9a-78d9-4e43-8848-b64cd42cc2d8,26,Female,120,46,young
82335953-7a3b-4fd5-804a-129014a830a0,24,Female,101,31,young
db81a986-f1e6-43d6-ba08-6fbb36f92e09,21,Female,39,84,young
d9120f37-cfc3-4a39-802f-861ae15c2db2,29,Female,114,68,young
f860e026-4cb3-481a-9262-e207c22a5d1c,22,Female,65,100,young
ba8bfd1f-8f00-45b1-b269-1b67a05ea44b,24,Female,131,31,young
1c3fbdbb-4db6-4c8b-8d15-b9cddc67bba1,24,Female,165,58,young
e88187d8-6502-4438-ac9e-a4d3988efc19,19,Female,196,20,young
5d73aef9-74be-45ba-82a3-a1ceea850dea,29,Female,100,60,young
de0b337b-3a98-4642-9971-63b97865da3e,22,Female,118,87,young
d8af4e4b-e244-44e1-aac4-80a7ed828a24,27,Female,69,72,young
f3047deb-9cb2-478e-b93f-bec5a11f0948,23,Female,199,71,young
f7bc7714-a837-40a1-8cee-0de0aaef16ed,27,Female,125,53,young
33dfa6d2-d516-4bab-ba73-6b1762793f04,21,Female,189,38,young
9ce7fe12-f9ef-4ceb-8184-0235755ca93e,27,Female,133,60,young
831e7858-81cf-4e71-8d28-7cddd5015e3c,26,Female,128,70,young
a241a18f-c9f3-4a18-9d16-c0bb8e9596b8,28,Female,66,89,young
bf0662fe-a0a4-4927-b423-2b37e94820d2,26,Female,83,11,young
06812a36-7085-485e-b2dc-58abab842428,22,Female,113,24,young
0de993f8-0ae3-4f2b-b7d6-14a9b7b19425,22,Female,105,87,young
a4254b99-3362-4564-84b5-d45a4a431c90,19,Female,181,52,young
830a8a6b-8c24-4b3b-b289-e24f6d67b83a,29,Female,160,7,young
9cd1ad71-65f0-49d1-94c9-232f67cfab81,28,Female,115,5,young
9df92a69-4338-4bb4-a196-da0cc3a11974,27,Female,117,69,young
d039205e-c4dd-4a6c-9461-a743a5f550af,28,Female,60,5,young
89165853-5790-4bd4-a428-cae21e1e0dbf,21,Female,174,65,young
e41bc406-2f86-4eec-bafa-64013938b59c,26,Female,120,53,young
f839384f-9c08-4275-89da-736e8ec6fe46,22,Female,55,31,young
18e5efaa-274e-49d6-a517-7a6e20ec1821,19,Female,68,45,young
7cf4f1e5-f9a6-4557-88ff-2bec51e506ff,25,Female,57,19,young
35c12dce-d70a-46d3-9663-bf4ea961230a,23,Female,47,6,young
f4c863e4-15da-41c3-9eda-4236bdef5ace,27,Female,115,41,young
d228f533-aea0-45af-9c42-318a0b6fb050,25,Female,174,40,young
99d9e010-9c8b-4d67-83a1-a0f1059a0a58,27,Female,189,25,young
319f091c-f96e-4791-b187-053f7d30d9cb,24,Female,82,47,young
9a78ec36-1679-41d3-9e81-208b49f0098b,26,Female,163,47,young
ed95ff8b-a452-4bfd-b729-6e0dcc637071,26,Female,186,19,young
584ede24-c3bb-4295-8028-c1a1775c8288,21,Female,58,19,young
868b9426-23bd-4c88-9601-9df58666793e,18,Female,58,75,young
6da8a62c-72bb-4f44-b0fb-7889f7469883,18,Female,175,81,young
4e8094c4-4dee-42dd-9433-3bb016ef1b87,23,Female,96,66,young
077cd7b7-b9b3-46c2-a643-8f3590b8b44f,27,Female,181,25,young
e9aad1db-be15-46c3-869a-c0c86efad42f,27,Female,169,95,young
7e31e7c2-4029-4aa0-9f7f-7656d1692b53,27,Female,133,10,young
418cf7fd-05d9-4072-b116-e37b7c077f31,20,Female,103,40,young
f9335e8f-c4e1-44f5-9f8c-c7ce6cfed238,19,Female,28,68,young
cf087d23-e537-4791-9997-34ff3cf7912b,22,Female,176,41,young
5227d899-71ab-4aaf-af9b-c2e819915194,26,Female,34,13,young
34d41b6a-6646-4b08-9869-056d0565fe25,21,Female,131,73,young
99ee1771-4c9f-4364-ac1d-c344b2391815,28,Female,65,26,young
23cf235a-6ae4-4cab-9233-d005dd96b369,23,Female,37,91,young
0ec063a5-34ee-451b-9405-b0561636aadd,18,Female,24,56,young
6cd8f692-0564-4592-b9f8-76b93a8656b0,25,Female,76,73,young
41b8780d-7186-4c61-bfc1-1667eedc5e42,21,Female,166,28,young
2de9d844-7dbe-4d6e-ab16-b12093920c33,25,Female,25,73,young
e111f0b3-6e43-4619-95ef-82954fce94f5,29,Female,46,9,young
00bc61f1-5514-491e-b7e0-e5e1ba734b6b,20,Female,183,4,young
58666c4c-7e25-45a2-81e5-3c8c60f56a33,24,Female,150,59,young
a777abde-19c6-4728-956c-a12b6abc7ef0,19,Female,171,18,young
61a9cd0d-d166-44f1-91e2-56423a004858,21,Female,110,27,young
885f9586-7c4f-4e07-9449-53ce2bece53d,29,Female,138,21,young
25ee77d6-c4d3-4a60-94bf-4aaa0717e3e3,22,Female,152,35,young
d1d48136-fa7d-4722-a4b5-345c1c6f2f7f,29,Female,167,80,young
ffd388d1-66dc-4e40-853b-7479a8c1c394,23,Female,95,8,young
93b5a3fb-329f-4dce-a746-6fc3a9fcc304,24,Female,48,90,young
b1ff330b-750c-43df-be90-c0898481f714,19,Female,65,97,young
59fe48e6-5177-4ab5-950e-ab09c6067d82,28,Female,147,24,young
8c8b163f-b9c7-458f-b46b-66be46ddde50,25,Female,175,17,young
365caa3b-63a1-4540-8316-79137c8a4987,22,Female,25,12,young
2275842d-aad7-4582-92aa-1a45e1720193,29,Female,56,57,young
734310f1-0790-44ef-9156-1522af54d963,29,Female,178,99,young
40b2b73d-0b74-455f-8151-24e4368e589e,18,Female,38,22,young
85f8d86e-ca70-486f-a717-569b84b44b93,29,Female,120,38,young
b35a140c-4c00-437d-a0bc-9a591b9f3411,28,Female,66,46,young
f9012abc-3fbd-4f2d-944f-1bde3561938a,25,Female,32,56,young
35b10348-3f2b-4ae2-bb72-2a1312afea32,25,Female,117,75,young
5f1747b5-4440-490b-9d85-88c087706658,20,Female,121,51,young
ecb89a27-2acd-4020-b322-afc89aa16720,28,Female,166,54,young
9df98b62-a5a6-41ae-b8ec-fc33e017043b,19,Female,46,53,young
b8ae4bba-cdbc-40c2-8754-be931e77fb98,23,Female,118,32,young
b9b43b8a-85cb-4878-8cf2-05eaf9ce7268,27,Female,33,8,young
9529aa20-4715-4b56-8203-1043ae99d176,27,Female,131,32,young
5a1a5f10-8558-44f4-8d1a-163b4961be36,28,Female,119,89,young
4f08241d-8242-4eb9-a823-ff6803283c33,19,Female,140,82,young
18d8d1e3-34d9-4613-a805-977f42617c58,26,Female,62,60,young
bd40bb41-7d9e-47eb-b561-5a21d8272891,25,Female,164,57,young
9370e5a8-43de-4006-8355-cebf9dc9f235,22,Female,68,42,young
ef853d33-f264-44f9-8ed5-68bab7fe1997,27,Female,170,2,young
b9ea091c-3b1e-4474-9926-9c9c82b00964,23,Female,22,36,young
95351f0c-2f9b-4485-8481-169fbeda28a7,21,Female,91,98,young
59c39eba-aac8-4404-be7b-3f91e6156fe8,23,Female,163,72,young
15c86465-e150-4514-90b9-87ce2b6861ec,24,Female,26,55,young
ecc0df59-8ccc-4443-b470-2e0014536d6c,27,Female,88,67,young
7f5cd612-2d3d-4faf-b81a-97f3ea00933b,18,Female,42,41,young
d06f5526-27a2-4fd8-af37-3c8d06249958,24,Female,97,77,young
e03bbc3b-ce92-49de-87eb-6895b27c0e4f,20,Female,195,46,young
54563154-bdab-4773-b0d5-78b17277c99e,18,Female,186,39,young
940330a9-215a-4c91-a81f-6438ba08924d,24,Female,64,56,young
f878b4f1-59d0-462e-a1ca-e37372047a86,19,Female,116,28,young
10f40cad-e252-43ce-b7da-edb8ce13c6c1,22,Female,140,27,young
2916346b-b8cb-4b53-80d8-392c37defe8e,27,Female,24,61,young
5f14a5cd-0214-4bcf-b802-78fc4146363e,28,Female,90,49,young
f0c430c6-436d-40f8-8a66-d9e64e621725,25,Female,106,29,young
a5e7a13d-9bf0-4b0d-99c5-c0410001a771,24,Female,56,29,young
a8d2d059-e76a-4619-8316-4bd42b9f8402,19,Female,28,65,young
f3cba7f7-78fa-4f0e-9b47-a4b8ba7b4246,19,Female,54,43,young
5c00c7f2-8a2c-4fd8-a290-af654fc9678e,28,Female,141,62,young
feddedfc-62d4-4050-9b7a-7955db0638ab,29,Female,167,53,young
a027e4fb-0005-4b6b-b11f-24f4e4b320ab,29,Female,116,85,young
07a6d922-80ff-4589-a55f-dc2292f92822,18,Female,120,70,young
4ff238d0-e28b-4351-8e1c-c445eb7fef4d,25,Female,122,4,young
ddfd3678-4077-488d-bdc3-3b6598730347,23,Female,125,50,young
23eaf4fe-ce46-43e2-85e2-9ace9df45a6e,23,Female,155,90,young
f2d95320-73bf-4623-b899-e1e30416b5f7,25,Female,91,100,young
b8db8ba1-012e-4853-9615-d9a24847e780,23,Female,172,1,young
3ad94a32-cb68-4767-9d7c-43dbd78707e8,27,Female,140,13,young
5da50a0c-4578-4942-80e4-7819616233a6,18,Female,155,55,young
c9f1846b-a54e-4c55-a42d-a6302bb8be64,27,Female,91,93,young
5538dab4-b28c-45cc-9eac-11cb43cb77da,27,Female,130,9,young
3343e3bf-bd45-4bb0-a6c9-130085acaee9,29,Female,98,92,young
72536cd2-9eca-4390-9d98-434c2c392245,27,Female,170,5,young
275058b7-372f-49a8-9aa7-37aa7e6ead6f,20,Female,132,50,young
76db53b0-d824-4315-901e-daedd8fcda7b,22,Female,85,44,young
83d19ccf-d936-44f2-ba7d-f2b4b30c0971,28,Female,191,80,young
6438b947-991c-40b8-81fb-8772137514d6,24,Female,100,67,young
75e55c15-12bd-4f00-bf9d-a93f3795d720,19,Female,196,46,young
583a3251-2915-40ca-80e4-cf45f1d6d107,27,Female,156,100,young
c8412afc-c360-43d3-9787-dafe5a639b50,27,Female,194,20,young
2e333f66-fbd6-4d4f-9dcd-e9350fbf89a8,25,Female,32,99,young
67f6e887-3ba9-4238-acf6-c79e3980d32f,20,Female,146,98,young
4af3e0bf-20c1-45ef-8666-42d72dec5674,28,Female,29,94,young
045bab85-6fb4-4e9d-9158-73f07deb00a1,23,Female,56,80,young
c82e039b-f438-4a69-977c-d56ec1148df3,24,Female,154,92,young
207cdd2c-e543-4052-a831-d5e051d0811f,20,Female,76,58,young
f68d0d95-adfe-4df0-be28-b8805d669aac,20,Female,43,64,young
74c2899a-e548-4bf2-b540-23ce9a1397f1,26,Female,122,90,young
92072c4b-dd3d-4efa-9c42-90f89c2976b4,20,Female,194,93,young
5ca84982-f91d-4bd0-9745-1140a702c528,19,Female,30,80,young
7cf2b501-1bca-423d-b2b7-417ca2a42594,24,Female,138,57,young
39e5b377-decf-474b-855b-78fb222a1a76,28,Female,23,52,young
c0b1f924-d588-4f91-8a5d-c0d2002646af,22,Female,35,91,young
1b64a9a1-4371-49c8-8d9a-e075962b8103,27,Female,134,23,young
87ee1807-f300-4def-86af-32a87f05bbd0,24,Female,51,17,young
11444513-b9c5-4091-ab2a-bd93184b164d,22,Female,74,43,young
0233125f-d738-45af-8e2c-1f22f5f9b24b,23,Female,101,25,young
716d804f-4167-4729-9dad-9fe5489a2637,19,Female,102,82,young
4b6ed01e-151a-4a39-8486-ec84d63af67a,19,Female,161,38,young
a9823489-bf2c-4591-a4f1-a4acaecabb20,18,Female,54,44,young
b9c0036c-24d6-4cbd-b597-2ad455734eb0,28,Female,56,53,young
ff1fa07d-0c68-474b-b31d-14d2ba258d72,24,Female,56,58,young
467481af-c148-466a-8090-722a9ea8313c,23,Female,141,14,young
bfe86858-55e2-4f32-87be-80a26a17ea38,23,Female,94,17,young
ad1bcb8b-7862-40c4-aae6-029d4879b1fb,20,Female,23,75,young
021b6974-3fd8-44b1-8d22-1d73c02ad87e,20,Female,192,8,young
032db5d8-6cdc-447f-a601-cde770b04e8a,28,Female,82,22,young
04868dc9-8e0d-4989-93aa-76426936b085,19,Female,148,16,young
3ef496e6-b54c-4cba-858e-ec89a0d87406,18,Female,58,37,young
fa755445-3b2b-43df-87bf-225aa7306a57,24,Female,104,60,young
4d6566c6-15be-4ded-86e9-1814813761a7,23,Female,57,2,young
d24bc446-b5b8-4f03-ad74-7bc5baf2b82c,21,Female,74,54,young
0c79d508-e8d9-43be-b5a1-51c6a323c964,24,Female,176,90,young
68b80900-a736-4fe1-8eb1-d00ad30f6aeb,25,Female,31,34,young
7d9e4502-d0f7-43b3-9f39-bbbd8b57a39f,22,Female,169,43,young
fbdb311e-26c3-4a9d-b855-154dc75376c8,19,Female,61,10,young
7b80a961-0e23-4edd-838d-33fad9c4bb74,29,Female,50,54,young
79cde7e8-377a-4ce5-9336-622e870eb9a8,27,Female,60,31,young
8451d96c-062e-405f-9fac-3bd571f0233b,19,Female,190,8,young
e45215c2-3dbf-4e95-ad9c-119a50e5da89,23,Female,143,37,young
665e021c-c153-40e4-b7d3-cf435cfa0525,26,Female,154,91,young
8bf5df5c-e2cc-4a8a-b400-8892610dd216,18,Female,116,92,young
e9404ccd-7f6b-472c-a121-75332ac44052,21,Female,192,73,young
ea145b43-a376-4c97-97e8-738b4f00a15e,27,Female,180,35,young
3bd1863a-c58b-4598-956e-92a393d38892,24,Female,34,67,young
4962a4c7-72d5-431b-a969-b92069a13c45,21,Female,42,44,young
a559c05e-12a2-4a22-84d3-b0fb3550c1f9,22,Female,73,52,young
7b1ac13c-814d-43cb-921c-0fccecb41abe,22,Female,54,86,young
af160c3b-77f3-43bc-bd18-e4ea53b03b65,25,Female,194,29,young
c96dccb1-a736-4eeb-89da-c7989ef7ffac,28,Female,159,19,young
8d399c2d-a307-431a-a174-21adafcfbe8c,18,Female,158,84,young
8e8ac0d9-7a4b-42b6-9a33-002d48d39bd2,22,Female,84,8,young
2f891d49-826b-49ae-97b0-5d54e018eab2,18,Female,168,52,young
191a8643-d56b-4dcd-82b6-cf014b17f1df,28,Female,47,10,young
08dc08b3-fd79-43f5-b06d-9c5e22a643f6,20,Female,61,15,young
80e0553b-3bda-4dc1-be70-ab7377021983,19,Female,76,70,young
767697a9-dd77-4b75-9da2-75ee2eebb435,21,Female,91,35,young
a57b9be8-ef15-4d65-8db8-cdccdbeadfa2,29,Female,138,67,young
e95e09da-4de3-4981-9f2a-1c957c3cde95,21,Female,169,68,young
f83ed133-8a15-49ce-971b-83f26f4c2aa0,18,Female,62,96,young
5e79a68b-459b-4a32-ac52-234368199774,20,Female,87,4,young
ff2a2059-e07c-4870-9a9f-99bec1e36cc1,19,Female,112,26,young
fb115deb-7120-4569-b958-a66065171c5d,24,Female,96,9,young
8afe8271-bd5d-4c36-b464-8862289978fe,23,Female,151,23,young
a5e5bbee-b13e-4b6e-b175-6a20658d6006,23,Female,42,67,young
6794d1d5-e4ec-4d21-8896-fc3a354d7290,20,Female,157,100,young
256211a3-df8d-4a75-b18b-eaec6cd5967d,19,Female,47,39,young
69520892-fed4-4d68-9dc9-125fd8d77d0d,21,Female,24,42,young
b2ab9889-d1a5-4c89-b60f-6f2ace511a98,28,Female,38,53,young
ce4bd485-c23b-4ffb-957c-94ba21ff74e8,18,Female,187,69,young
c7d4bed8-6615-491c-a0f5-94e0c0c6d877,19,Female,48,45,young
294c1523-667c-4eb4-9edb-45cd143f1740,27,Female,99,4,young
d0367b7c-4b6a-4699-b054-9e0ff1824f9d,29,Female,58,16,young
6cd7e30f-1225-491e-80d8-ed2fbfc0acaf,27,Female,29,77,young
a0c0c2b2-90ce-4579-83aa-e8db0f8c8ec9,21,Female,154,41,young
246faad4-51eb-41a8-916c-a2879ba53858,24,Female,33,2,young
5de61cc7-41f1-4cd6-aef5-609cb06bd12f,22,Female,184,31,young
1c42c3b0-c17c-4c4a-ac70-b0e629c95718,21,Female,23,52,young
2d1a0bbb-d22b-481c-be03-6fbbc57805b3,19,Female,21,93,young
c631f909-51bf-42e1-969a-4d99b4dc0bd6,18,Female,80,94,young
d23f0410-55ea-493f-a99c-86b191defbce,23,Female,139,52,young
02e75f7c-4420-466d-a6cb-615469bcd340,19,Female,146,53,young
2e897087-a397-4b86-a878-c298a9bf635e,20,Female,164,20,young
e85bf3cb-c523-41de-bf90-9993f00c0058,21,Female,112,69,young
4b67305d-c6a3-4c20-b5f8-8b164ebb401f,18,Female,105,9,young
a7344bc8-c318-4727-8356-686b17b1a88b,29,Female,106,13,young
e7fa140e-7d77-4feb-ae69-b111afea4406,28,Female,176,37,young
c87f3d66-b27f-4629-91c6-c91b33d067df,29,Female,93,29,young
4b8c327c-e338-4be7-bf04-d50b878f4560,21,Female,160,29,young
cc8b7cda-8ecc-4db1-ae5a-fa626c974aa8,21,Female,39,27,young
258454e2-34c1-40ff-837b-10ba7fec6d35,21,Female,130,51,young
90d21b83-f8c7-4780-b169-b9cba2b55cae,22,Female,198,15,young
855e5957-c1f2-42df-a02c-7ffd05102ee7,27,Female,71,54,young
6dc4d441-fb8d-4c10-a9e5-3a913ad0e4a2,26,Female,166,91,young
ea958f43-1ab0-44f3-a8ad-a464b2a78f8d,20,Female,98,92,young
33860819-eefb-4215-b154-1b2f49ca8a97,19,Female,154,87,young
cdbf07c9-82cb-4865-b23a-46530aecebc6,27,Female,173,54,young
697cb3e2-79c4-420a-85fe-84c199e4ffd0,19,Female,31,61,young
9bd7d00f-4879-4f10-9650-5a96c63b4344,27,Female,106,6,young
205be026-4a21-4b52-ab6e-8b0d6ab9a652,29,Female,147,4,young
2972fd81-20b8-4555-9c78-a60c2962c20f,21,Female,43,97,young
14682b61-ec0e-4839-a47d-5f1adb4b78e1,21,Female,187,73,young
f8262789-f390-47de-a65d-4ccc86d9060f,24,Female,193,22,young
92abf4d8-e86a-437a-ba25-e6bc55fefe43,25,Female,95,75,young
6a6b007e-a22d-4a66-bf58-82064c0b1425,20,Female,188,58,young
69a4cda6-3c3c-40f2-a988-80789becc43b,18,Female,47,8,young
7ad3d1a8-be3b-4b1b-9630-7a20deec5e14,21,Female,102,90,young
969fd2e9-7edb-4dde-92ce-ca9695ab8b66,26,Female,72,65,young
e272e8e3-a5ef-4834-a350-6902581dbed2,22,Female,136,37,young
77b917cd-0005-4462-b407-a3a38bed36c7,20,Female,101,46,young
44626ef3-3953-4b5a-af86-88e5a5185dfd,19,Female,138,38,young
68ddb1ce-827b-475d-8133-18bf3a110f20,27,Female,157,43,young
96237917-9c2d-4deb-a182-70064548a873,18,Female,170,32,young
3fca14e7-00ad-44e0-b99f-278af04056f0,26,Female,187,51,young
8af35998-65d0-4dc2-9550-a6fad4db64a7,21,Female,198,62,young
b1de3275-fde1-433e-aab5-d0fdb57204d6,24,Female,52,100,young
f6480d7d-3a0e-4d7e-96a3-eb06a7251726,22,Female,28,24,young
b2b2db95-aeb5-4e55-b4d3-69c2c1e09b53,24,Female,53,34,young
532a071b-c254-4526-bf27-1b4fefd6ced6,19,Female,26,27,young
6601eade-294d-4f4f-a919-fd57f18573d2,18,Female,185,58,young
9ef966cb-dbb6-4e81-8e4b-997ab38fa830,29,Female,28,66,young
589e6157-9633-4994-82c4-bd5714e44c88,27,Female,177,42,young
75f91735-fa15-4bf6-bc64-94d76a44e2ad,25,Female,144,73,young
8b5d63b7-455c-4a61-95bd-4f213cadee1c,23,Female,94,31,young
8b1aa5bd-3295-4ce6-a66b-84f31649f9fc,25,Female,77,79,young
ee7fb4b8-33a9-48f5-b39e-fc9115be15b7,26,Female,195,56,young
44bc4c38-1234-4865-86a9-d8d3babd2744,27,Female,112,95,young
bbe9f4ed-f67a-4bd6-9625-0c6ceeaaf396,19,Female,21,84,young
74c0d4d9-13e0-4595-8113-e9795fe95cca,22,Female,147,97,young
35618a65-2cde-463c-88d1-af96e79d3400,24,Female,54,86,young
9f7bc0ce-9460-478d-b319-a481781fcc71,23,Female,49,42,young
adf32102-c7f1-4bfa-b2ea-dbf40fa6c5b2,27,Female,87,86,young
984f1611-e26d-4197-b052-5e6b7b3f18bb,22,Female,164,62,young
41e728bf-8a6f-42d3-b6e8-eb0a16ab0c3d,22,Female,29,14,young
ec81f76b-75c0-4938-8c86-4e40cdad3c4b,26,Female,181,99,young
a57c6c66-9c3b-416a-9023-1608d3f54b4e,29,Female,78,55,young
efe17c9a-7312-4f21-a177-c71438029a5c,21,Female,48,85,young
be5e4545-cd77-4e96-9b98-7031030b2913,20,Female,197,13,young
5fa3b63b-30fc-495f-8424-7b7dcb10a114,18,Female,141,95,young
64824f1c-34dd-4e0a-b53c-262b27b1092c,26,Female,43,3,young
9b09cb82-a8b1-4e41-8d54-dfc3a380b3f8,25,Female,115,56,young
339d7923-9b11-4d99-bb94-4b5eca1023ea,22,Female,149,88,young
7090404d-6b18-4d73-8f00-90b1c7bf5600,21,Female,49,1,young
8719bcae-1a6d-4b20-bc82-5b9d92cec3b6,27,Female,50,34,young
4f67f154-715e-4d99-9f7b-1a15c0024c7d,24,Female,38,11,young
8f520b21-b4d7-4458-8784-0147d75469e4,20,Female,180,92,young
e9811e41-3068-4919-99ba-99e65c191051,24,Female,26,70,young
36c85b14-3f48-4c54-a057-f4325a1d4446,25,Female,128,23,young
0154494e-0854-4a5e-817d-b4dd39ad2c15,25,Female,130,52,young
5cd197f9-7e13-4e8a-994b-a0c3b87426c5,24,Female,103,90,young
cc12a98b-6f80-4962-98aa-9723d399bb96,21,Female,110,56,young
c08e5cef-5330-4cc8-9469-1dcccfaa8949,26,Female,72,58,young
7749aa5d-c025-42ba-a9ba-b38535bd2cf1,24,Female,192,78,young
1c02493e-2201-4c09-b8b8-f6c11b7d664b,18,Female,139,99,young
eb4ca15f-c10a-42a8-81f6-6ebb3f4c7822,22,Female,49,94,young
449d6b9b-24f5-43f3-b265-dad0d37e00dc,29,Female,171,77,young
d00a37ad-8c10-44df-916b-b78cd951a885,20,Female,100,67,young
237b30c6-ff95-41b7-a5bb-fd19a89b15ed,23,Female,59,58,young
aafe10e2-5a9b-4b06-b581-0808a284b8b0,19,Female,80,31,young
d6ad416d-8e5c-4863-a87f-8ca5f31eb2df,27,Female,124,94,young
c89039b4-2d5c-44d9-a4a0-b903a8d8203d,20,Female,155,67,young
fdc9a78d-9363-4b5d-9e57-fae7f084c5b1,25,Female,88,69,young
45c51c58-c62d-42af-8870-554937c1ffb8,19,Female,24,20,young
413571f5-98f3-47dc-8f06-89f3a68e4c9c,28,Female,55,77,young
4f5e7bb1-672a-4e04-8ddb-12387eee3828,20,Female,168,65,young
06e571ea-9d84-4f33-a213-7f0739ded0ae,20,Female,94,34,young
3e6b4557-d4d1-42c0-930d-ad0d848901b0,20,Female,103,80,young
4d150f21-fab8-4ba0-88ff-67e13fe9f5b3,18,Female,89,66,young
31bc0185-36f7-4360-8577-40c576f5624e,20,Female,132,25,young
36b6ee65-17e7-4429-a19f-133e19d6c378,26,Female,119,8,young
43bdbbd5-a207-49e0-a1ea-929792c302d2,20,Female,139,4,young
f673bc1e-5ccd-4093-8fb2-08268132728a,18,Female,150,49,young
a7feebbb-c890-40e0-a1e9-16b9d169c015,21,Female,95,24,young
cd25f331-67b0-47c1-b4fd-5ebbad0559fb,25,Female,194,1,young
b435f5c0-1ac2-48db-9c23-1e53159bf7c8,25,Female,103,39,young
f4b76d31-16b7-4039-b15c-3ace0abc7d36,26,Female,166,44,young
02bc6b6a-1604-4db8-ba96-844ff523ef10,25,Female,110,61,young
ef6ce7e9-ac95-4cb4-9125-47634b6e8430,18,Female,49,18,young
2d27fe2e-3cf2-403f-bf50-e02d7999e048,19,Female,179,34,young
08cbedc3-cf6b-4066-838c-33eb880ce6a3,19,Female,58,59,young
c963216c-3045-417a-bce6-35793843cedb,18,Female,75,21,young
5eb1c261-14f7-4fc9-a8ec-c0f10a6a7026,24,Female,97,38,young
3b2c33ee-d5bc-43d1-b02d-f35a49e2dfc7,20,Female,158,72,young
a582cf00-43ee-4aaf-97b9-a7a1a2da4d6b,18,Female,51,12,young
e84f6d75-bc9e-4463-80c1-55fac487d97a,29,Female,27,9,young
31a683a5-1b3d-437d-996d-d993ac088b51,20,Female,150,89,young
670a88a0-c21d-447b-928f-398bcb5ef7cd,18,Female,157,97,young
bf0a20ae-608e-42df-ab6f-3f297e681eef,20,Female,43,46,young
a44a8093-82cf-48f6-b344-0ada6ddab50c,27,Female,130,90,young
cf395421-5ca3-4337-9595-13397751b7ce,22,Female,164,67,young
06324136-54bf-4f93-a3e5-d1ad26e9a64d,21,Female,44,4,young
77acc4e1-8edb-43d8-b45f-a025458922b8,23,Female,93,25,young
fb28f231-8de0-4baa-87a2-753989115be3,18,Female,32,13,young
56873757-7648-4c2a-8095-be358c22bac7,29,Female,133,22,young
74a5365c-ebf4-4d8b-bcd6-398b8c3dbb86,26,Female,22,20,young
1bcab1cb-6734-431e-b44d-bfd31e4ecece,20,Female,188,35,young
c310d27d-9066-48e5-91c6-79e443b6048a,27,Female,191,32,young
f5766198-0327-4c47-b11b-3c4732c7b8b7,29,Female,189,32,young
5a521234-9623-4add-b5eb-e2e7cc100f5b,25,Female,189,2,young
60b95468-ffd9-4c9f-b998-124e0cc78ef3,22,Female,40,27,young
bb5cc854-35ab-4dcb-969d-f14a31fe9ed5,20,Female,64,95,young
f2fac304-1af3-49b4-9364-3e723eb4964f,24,Female,108,75,young
1627daa6-5f21-4448-8d3a-bc446a91ebf8,23,Female,190,22,young
5fb99ee2-fb68-41c4-a10c-980a43791281,26,Female,58,3,young
c8871d1e-524d-4add-905e-d1a6577c18d6,25,Female,143,42,young
d9137f51-9049-47a4-ab4e-240a0b137b6e,29,Female,60,92,young
dd77bcd0-df60-4e68-aaa9-7893672ded44,19,Female,196,26,young
ad722d98-efb1-4b12-ab38-17b9f1472af1,27,Female,88,44,young
2467b7f4-4076-464a-acd0-46d864b1ba2b,29,Female,144,44,young
2cad5df6-09cc-4b94-911e-bd0f1e654188,27,Female,167,19,young
192d6016-e1b7-40b4-8c04-410f6811cb98,21,Female,106,30,young
357ed27f-de66-468c-9c40-7b55a8c21792,24,Female,62,24,young
c1d448be-1853-4b97-81cd-baa5f25a4c4a,28,Female,194,46,young
db200493-ecdd-4ad9-afcc-149baf23266d,24,Female,125,81,young
0b1425dc-7d15-4e00-871d-b52efdecd83c,24,Female,192,99,young
d91eed44-afa2-41b1-97d5-65297438d8c6,21,Female,169,13,young
3b56d561-b36f-4e09-bd96-1d2486893723,26,Female,124,86,young
4e7730c7-eab0-43d9-9012-101c41e2f60b,29,Female,96,9,young
5c23af0c-a6fb-4328-90fe-0b1b59f05438,20,Female,90,37,young
b43a0f85-4524-4a5a-989b-c7cc61fc4ef6,29,Female,35,87,young
dd61a6ec-bd42-45bc-9ece-7bf6c47ae8f6,25,Female,109,50,young
994b9349-2bf9-41e4-be38-641a280713f0,18,Female,153,38,young
c303fe8b-f416-4b96-a119-afde94d47aa1,20,Female,63,59,young
e47f2323-fca4-4503-992b-b453d3568423,26,Female,184,82,young
5be2466c-7477-4f72-9023-c7ca319361f3,23,Female,102,42,young
7db4632c-9466-44e6-a340-2f996b230c86,21,Female,109,100,young
79e24372-82ed-4a6c-9639-032925b57ab1,29,Female,194,21,young
43f36fe0-b54e-4d4a-b1fc-ca572fea16a4,20,Female,75,22,young
bcd182ad-baa5-4084-9234-178bf17cfc85,29,Female,95,6,young
e573c5ae-e91f-42ce-a3b9-b976a5bea988,28,Female,133,38,young
22b55301-25fc-4e75-bac8-a361ca625b19,26,Female,167,73,young
7bb2d1c4-3132-48f9-9d09-e00369a123de,28,Female,96,41,young
82781ee3-90b0-40bb-a0ac-374f0e1ae5bb,29,Female,58,30,young
f9dbf7a7-e33f-4c5d-a7e5-1c62af801dc0,19,Female,158,77,young
e50c50a1-4261-4abb-a642-d22a2e700fc1,25,Female,163,75,young
9cdbfc10-21de-4a66-9441-391085f76753,24,Female,195,90,young
d4a36374-14f6-4c11-97cd-209e7d5501f0,20,Female,129,19,young
571ac52e-59f1-4398-a9d6-c5f2442adc2c,26,Female,73,12,young
06b5b337-e10c-4e74-9e91-bfb8c2d1c55d,25,Female,136,39,young
59f6176d-fe7b-435e-9a27-8cc7b672afec,28,Female,31,46,young
f44cb001-f701-4de7-86e8-d81047782301,28,Female,124,72,young
53bc9428-fb91-4e03-9a0d-7a89380a0d65,24,Female,182,31,young
0d1bd29f-8db8-444c-a022-5d6a13cc9ae6,18,Female,62,44,young
5411b65e-0c15-492e-9d50-37d0f64509b5,22,Female,152,52,young
5608ab2a-429c-41c9-81fe-6a14f5e80784,23,Female,128,86,young
b164b3bd-4be6-4b7e-a932-f01510537945,19,Female,188,18,young
e0008a32-e262-4124-85ae-b024f0641e03,29,Female,200,11,young
8a9c1526-c824-4bfe-b9dd-4dce29cfbc09,27,Female,75,88,young
99c23b00-59da-4257-9b8b-8d43c382ad4d,26,Female,46,18,young
a1c84db8-a4d6-4057-aafb-d057655ccef4,24,Female,149,97,young
68e3e488-5879-49c0-a04c-4d475c5d8026,29,Female,47,37,young
bfc85800-9878-4a11-97c6-6de6eddff563,28,Female,125,99,young
9b5c9126-723b-47c3-88eb-a7753630e92a,26,Female,114,49,young
a944386e-b269-4bab-8884-7b19e02390c1,29,Female,23,53,young
4886eca0-5497-44d7-b8c3-861a2113f806,20,Female,36,51,young
321e05fc-de08-4588-ba94-b9a08011ebb7,26,Female,115,16,young
e073b920-3a74-44d0-b700-db432f59d2ac,23,Female,44,52,young
24e68b45-45b9-4e63-ad7b-f9af8e21ef71,20,Female,62,81,young
7d234900-a611-4d7f-bbcf-7e9ebe14b694,23,Female,176,87,young
795818a2-a39a-46a1-b886-ad87af1c5cf6,29,Female,157,4,young
0b04bda3-1f3b-42a1-a4fb-a561e42be3cf,21,Female,132,36,young
de9a24dd-621b-4360-9b26-fac92e9b3192,19,Female,118,89,young
3870651e-7ad0-422e-8344-ab2882e9a481,27,Female,63,24,young
8e9af24e-fa76-4ce3-807c-d3c81662d7d6,18,Female,145,33,young
60d2b449-e9a6-4569-9f32-3d66cbccc664,20,Female,119,51,young
4fafd4b4-a6e3-4b64-b465-1958c5c32c4c,29,Female,132,70,young
6d5136fb-33f2-4e22-8084-4e8c77e9fd96,18,Female,130,18,young
2f62b095-accc-4cbd-b199-148724f7bd83,19,Female,183,10,young
cd45d33a-1544-4f61-9d5e-7beec9c941e0,19,Female,93,69,young
48eb5798-c2a6-4e6d-9066-714513cf5c71,23,Female,32,30,young
4b99ec99-d6cf-4c79-b44a-0f5372c32768,21,Female,87,54,young
8a139c13-4901-432d-8b16-3e6b81fe7611,21,Female,117,50,young
feb6624d-5038-42ba-b057-28bbe2a840b9,26,Female,92,10,young
b1f7b83e-0e73-4fdb-aba3-3fb2389dbb30,25,Female,20,80,young
953dd111-904f-4288-b3be-f6ebf5e36e95,27,Female,69,14,young
2f528dec-0116-4832-be51-3601a9457e78,25,Female,163,17,young
0e60f907-2c28-40aa-aac4-a485808f541f,25,Female,99,30,young
cb647504-ad8e-4c22-94a9-39a2b4be81eb,26,Female,44,31,young
e09435c7-e058-48ef-a991-6949d3bd562c,29,Female,126,15,young
1db694aa-8eb1-4d7d-83ba-183745993587,27,Female,80,18,young
f4fdd6f7-f6cb-4c23-9964-6c715c754d8b,26,Female,179,55,young
1a53a4a4-c16b-4386-bf28-5842cd3f3f9b,24,Female,167,74,young
a0504768-a85f-4930-ac24-55bc8e4fec9e,29,Female,98,30,young
0e87c25a-268c-401a-8ba1-7111dcde6f1a,18,Female,112,48,young
5f388cbe-3373-4e16-b743-38f508f2249f,26,Female,94,5,young
